date,keyword,url,pr,organic
2026-01-16 15:08,トートバッグ レディース,https://item.rakuten.co.jp/kinoco/square-tote,圏外,8
2026-01-16 15:08,サコッシュ メンズ,https://item.rakuten.co.jp/kinoco/b1404,3,33
2026-01-16 15:18,トートバッグ レディース,https://item.rakuten.co.jp/kinoco/square-tote,圏外,8
2026-01-16 15:18,サコッシュ メンズ,https://item.rakuten.co.jp/kinoco/b1404,3,33
2026-01-16 15:22,トートバッグ レディース,https://item.rakuten.co.jp/kinoco/square-tote,圏外,8
2026-01-16 15:22,サコッシュ メンズ,https://item.rakuten.co.jp/kinoco/b1404,3,33
2026-01-16 15:34,トートバッグ レディース,https://item.rakuten.co.jp/kinoco/square-tote,圏外,7
2026-01-16 15:34,サコッシュ メンズ,https://item.rakuten.co.jp/kinoco/b1404,3,32
2026-01-16 15:39,トートバッグ レディース,https://item.rakuten.co.jp/kinoco/square-tote,圏外,7
2026-01-16 15:39,サコッシュ メンズ,https://item.rakuten.co.jp/kinoco/b1404,3,32
2026-01-16 15:43,トートバッグ レディース,https://item.rakuten.co.jp/kinoco/square-tote,圏外,7
2026-01-16 15:43,サコッシュ メンズ,https://item.rakuten.co.jp/kinoco/b1404,3,32
2026-01-16 15:44,トートバッグ レディース,https://item.rakuten.co.jp/kinoco/square-tote,圏外,7
2026-01-16 15:44,サコッシュ メンズ,https://item.rakuten.co.jp/kinoco/b1404,3,32
2026-01-16 15:46,トートバッグ レディース,https://item.rakuten.co.jp/kinoco/square-tote,圏外,7
2026-01-16 15:46,サコッシュ メンズ,https://item.rakuten.co.jp/kinoco/b1404,3,32
2026-01-16 15:54,トートバッグ レディース,https://item.rakuten.co.jp/kinoco/square-tote,圏外,7
2026-01-16 15:54,サコッシュ メンズ,https://item.rakuten.co.jp/kinoco/b1404,3,32
2026-01-16 15:54,トートバッグ レディース,https://item.rakuten.co.jp/kinoco/82193,圏外,圏外
2026-01-19 14:03,トートバッグ レディース,https://item.rakuten.co.jp/kinoco/square-tote,圏外,18
2026-01-19 14:03,サコッシュ メンズ,https://item.rakuten.co.jp/kinoco/b1404,1,18
2026-01-19 14:03,トートバッグ レディース,https://item.rakuten.co.jp/kinoco/82193,圏外,圏外
2026-01-19 14:19,トートバッグ レディース,https://item.rakuten.co.jp/kinoco/square-tote,圏外,18
2026-01-19 14:19,サコッシュ メンズ,https://item.rakuten.co.jp/kinoco/b1404,2,18
2026-01-19 14:19,トートバッグ レディース,https://item.rakuten.co.jp/kinoco/82193,圏外,圏外
2026-01-20 10:40,トートバッグ レディース,https://item.rakuten.co.jp/kinoco/square-tote,圏外,30
2026-01-20 10:40,サコッシュ メンズ,https://item.rakuten.co.jp/kinoco/b1404,1,16
2026-01-20 10:40,トートバッグ レディース,https://item.rakuten.co.jp/kinoco/82193,圏外,10
2026-01-20 10:40,三つ折り財布 レディース,https://item.rakuten.co.jp/kinoco/st-909,3,15
2026-01-20 10:40,三つ折り財布,https://item.rakuten.co.jp/kinoco/st-909,5,15
2026-01-20 10:40,ミニ財布 本革,https://item.rakuten.co.jp/kinoco/st-909,圏外,3
2026-01-20 10:40,ミニ財布 本革 レディース,https://item.rakuten.co.jp/kinoco/st-909,1,14
2026-01-21 10:30,トートバッグ レディース,https://item.rakuten.co.jp/kinoco/square-tote,圏外,30
2026-01-21 10:30,サコッシュ メンズ,https://item.rakuten.co.jp/kinoco/b1404,1,12
2026-01-21 10:30,トートバッグ レディース,https://item.rakuten.co.jp/kinoco/82193,圏外,4
2026-01-21 10:30,三つ折り財布 レディース,https://item.rakuten.co.jp/kinoco/st-909,3,17
2026-01-21 10:30,三つ折り財布,https://item.rakuten.co.jp/kinoco/st-909,4,18
2026-01-21 10:30,ミニ財布 本革,https://item.rakuten.co.jp/kinoco/st-909,圏外,8
2026-01-21 10:30,ミニ財布 本革 レディース,https://item.rakuten.co.jp/kinoco/st-909,1,16
2026-01-22 13:49,トートバッグ レディース,https://item.rakuten.co.jp/kinoco/square-tote,圏外,24
2026-01-22 13:49,サコッシュ メンズ,https://item.rakuten.co.jp/kinoco/b1404,1,8
2026-01-22 13:49,トートバッグ レディース,https://item.rakuten.co.jp/kinoco/82193,圏外,26
2026-01-22 13:49,三つ折り財布 レディース,https://item.rakuten.co.jp/kinoco/st-909,2,17
2026-01-22 13:49,三つ折り財布,https://item.rakuten.co.jp/kinoco/st-909,4,17
2026-01-22 13:49,ミニ財布 本革,https://item.rakuten.co.jp/kinoco/st-909,圏外,7
2026-01-22 13:49,ミニ財布 本革 レディース,https://item.rakuten.co.jp/kinoco/st-909,1,12
2026-01-22 15:50,トートバッグ レディース,https://item.rakuten.co.jp/kinoco/square-tote,圏外,18
2026-01-22 15:50,サコッシュ メンズ,https://item.rakuten.co.jp/kinoco/b1404,1,8
2026-01-22 15:50,トートバッグ レディース,https://item.rakuten.co.jp/kinoco/82193,圏外,23
2026-01-22 15:50,三つ折り財布 レディース,https://item.rakuten.co.jp/kinoco/st-909,3,18
2026-01-22 15:50,三つ折り財布,https://item.rakuten.co.jp/kinoco/st-909,5,16
2026-01-22 15:50,ミニ財布 本革,https://item.rakuten.co.jp/kinoco/st-909,圏外,7
2026-01-22 15:50,ミニ財布 本革 レディース,https://item.rakuten.co.jp/kinoco/st-909,1,13
2026-01-23 10:30,トートバッグ レディース,https://item.rakuten.co.jp/kinoco/square-tote,圏外,16
2026-01-23 10:30,サコッシュ メンズ,https://item.rakuten.co.jp/kinoco/b1404,2,7
2026-01-23 10:30,トートバッグ レディース,https://item.rakuten.co.jp/kinoco/82193,圏外,28
2026-01-23 10:30,三つ折り財布 レディース,https://item.rakuten.co.jp/kinoco/st-909,3,20
2026-01-23 10:30,三つ折り財布,https://item.rakuten.co.jp/kinoco/st-909,4,16
2026-01-23 10:30,ミニ財布 本革,https://item.rakuten.co.jp/kinoco/st-909,圏外,8
2026-01-23 10:30,ミニ財布 本革 レディース,https://item.rakuten.co.jp/kinoco/st-909,1,16
2026-01-26 10:30,トートバッグ レディース,https://item.rakuten.co.jp/kinoco/square-tote,圏外,15
2026-01-26 10:30,サコッシュ メンズ,https://item.rakuten.co.jp/kinoco/b1404,圏外,3
2026-01-26 10:30,トートバッグ レディース,https://item.rakuten.co.jp/kinoco/82193,圏外,13
2026-01-26 10:30,三つ折り財布 レディース,https://item.rakuten.co.jp/kinoco/st-909,圏外,10
2026-01-26 10:30,三つ折り財布,https://item.rakuten.co.jp/kinoco/st-909,圏外,11
2026-01-26 10:30,ミニ財布 本革,https://item.rakuten.co.jp/kinoco/st-909,圏外,2
2026-01-26 10:30,ミニ財布 本革 レディース,https://item.rakuten.co.jp/kinoco/st-909,圏外,1
2026-01-26 10:30,ハンドバッグ レディース,https://item.rakuten.co.jp/kinoco/stb-152/,圏外,5
2026-01-26 10:30,二つ折り財布 レディース,https://item.rakuten.co.jp/kinoco/st-w1660/,圏外,30
2026-01-26 10:30,トートバッグ メンズ,https://item.rakuten.co.jp/kinoco/cs-23/,圏外,10
2026-01-26 10:30,ビジネスバッグ,https://item.rakuten.co.jp/kinoco/cs-23/,圏外,34
2026-01-26 10:30,サコッシュ メンズ,https://item.rakuten.co.jp/kinoco/cs-26/,圏外,6
2026-01-26 10:30,トートバッグ メンズ 本革,https://item.rakuten.co.jp/kinoco/cs-29/,圏外,2
2026-01-26 10:30,長財布 レディース 本革,https://item.rakuten.co.jp/kinoco/st-831w/,圏外,5
2026-01-26 10:30,二つ折り財布,https://item.rakuten.co.jp/kinoco/st-819/,圏外,8
2026-01-26 10:30,二つ折り財布メンズ,https://item.rakuten.co.jp/kinoco/st-819/,圏外,9
2026-01-26 10:30,トートバッグ メンズ,https://item.rakuten.co.jp/kinoco/st-820/,ERROR,ERROR
2026-01-26 10:30,トートバッグ メンズ 小さめ,https://item.rakuten.co.jp/kinoco/cs-25/,ERROR,ERROR
2026-01-26 10:30,長財布 メンズ,https://item.rakuten.co.jp/kinoco/wallet-04/,ERROR,ERROR
2026-01-26 10:30,財布 メンズ 二つ折り 本革,https://item.rakuten.co.jp/kinoco/cs-05/,ERROR,ERROR
2026-01-26 10:30,二つ折り財布 メンズ,https://item.rakuten.co.jp/kinoco/wallet-09/,ERROR,ERROR
2026-01-27 10:30,トートバッグ レディース,https://item.rakuten.co.jp/kinoco/square-tote,圏外,23
2026-01-27 10:30,サコッシュ メンズ,https://item.rakuten.co.jp/kinoco/b1404,1,3
2026-01-27 10:30,トートバッグ レディース,https://item.rakuten.co.jp/kinoco/82193,圏外,12
2026-01-27 10:30,三つ折り財布 レディース,https://item.rakuten.co.jp/kinoco/st-909,4,8
2026-01-27 10:30,三つ折り財布,https://item.rakuten.co.jp/kinoco/st-909,4,10
2026-01-27 10:30,ミニ財布 本革,https://item.rakuten.co.jp/kinoco/st-909,圏外,2
2026-01-27 10:30,ミニ財布 本革 レディース,https://item.rakuten.co.jp/kinoco/st-909,1,1
2026-01-27 10:30,ハンドバッグ レディース,https://item.rakuten.co.jp/kinoco/stb-152/,圏外,5
2026-01-27 10:30,二つ折り財布 レディース,https://item.rakuten.co.jp/kinoco/st-w1660/,圏外,圏外
2026-01-27 10:30,トートバッグ メンズ,https://item.rakuten.co.jp/kinoco/cs-23/,圏外,11
2026-01-27 10:30,ビジネスバッグ,https://item.rakuten.co.jp/kinoco/cs-23/,4,29
2026-01-27 10:30,サコッシュ メンズ,https://item.rakuten.co.jp/kinoco/cs-26/,5,14
2026-01-27 10:30,トートバッグ メンズ 本革,https://item.rakuten.co.jp/kinoco/cs-29/,3,4
2026-01-27 10:30,長財布 レディース 本革,https://item.rakuten.co.jp/kinoco/st-831w/,1,4
2026-01-27 10:30,二つ折り財布,https://item.rakuten.co.jp/kinoco/st-819/,2,15
2026-01-27 10:30,二つ折り財布メンズ,https://item.rakuten.co.jp/kinoco/st-819/,2,11
2026-01-27 10:30,トートバッグ メンズ,https://item.rakuten.co.jp/kinoco/st-820/,ERROR,ERROR
2026-01-27 10:30,トートバッグ メンズ 小さめ,https://item.rakuten.co.jp/kinoco/cs-25/,ERROR,ERROR
2026-01-27 10:30,長財布 メンズ,https://item.rakuten.co.jp/kinoco/wallet-04/,ERROR,ERROR
2026-01-27 10:30,財布 メンズ 二つ折り 本革,https://item.rakuten.co.jp/kinoco/cs-05/,ERROR,ERROR
2026-01-27 10:30,二つ折り財布 メンズ,https://item.rakuten.co.jp/kinoco/wallet-09/,ERROR,ERROR
2026-01-27 12:42,トートバッグ レディース,https://item.rakuten.co.jp/kinoco/square-tote,圏外,28
2026-01-27 12:42,サコッシュ メンズ,https://item.rakuten.co.jp/kinoco/b1404,1,3
2026-01-27 12:42,トートバッグ レディース,https://item.rakuten.co.jp/kinoco/82193,圏外,11
2026-01-27 12:42,三つ折り財布 レディース,https://item.rakuten.co.jp/kinoco/st-909,4,8
2026-01-27 12:42,三つ折り財布,https://item.rakuten.co.jp/kinoco/st-909,4,10
2026-01-27 12:42,ミニ財布 本革,https://item.rakuten.co.jp/kinoco/st-909,圏外,3
2026-01-27 12:42,ミニ財布 本革 レディース,https://item.rakuten.co.jp/kinoco/st-909,1,1
2026-01-27 12:42,ハンドバッグ レディース,https://item.rakuten.co.jp/kinoco/stb-152/,圏外,5
2026-01-27 12:42,二つ折り財布 レディース,https://item.rakuten.co.jp/kinoco/st-w1660/,圏外,圏外
2026-01-27 12:42,トートバッグ メンズ,https://item.rakuten.co.jp/kinoco/cs-23/,圏外,11
2026-01-27 12:42,ビジネスバッグ,https://item.rakuten.co.jp/kinoco/cs-23/,4,28
2026-01-27 12:42,サコッシュ メンズ,https://item.rakuten.co.jp/kinoco/cs-26/,4,14
2026-01-27 12:42,トートバッグ メンズ 本革,https://item.rakuten.co.jp/kinoco/cs-29/,3,4
2026-01-27 12:42,長財布 レディース 本革,https://item.rakuten.co.jp/kinoco/st-831w/,1,4
2026-01-27 12:42,二つ折り財布,https://item.rakuten.co.jp/kinoco/st-819/,2,17
2026-01-27 12:42,二つ折り財布メンズ,https://item.rakuten.co.jp/kinoco/st-819/,1,8
2026-01-27 12:42,トートバッグ メンズ,https://item.rakuten.co.jp/kinoco/st-820/,2,14
2026-01-27 12:42,トートバッグ メンズ 小さめ,https://item.rakuten.co.jp/kinoco/cs-25/,1,36
2026-01-27 12:42,長財布 メンズ,https://item.rakuten.co.jp/kinoco/wallet-04/,1,4
2026-01-27 12:42,財布 メンズ 二つ折り 本革,https://item.rakuten.co.jp/kinoco/cs-05/,2,14
2026-01-27 12:42,二つ折り財布 メンズ,https://item.rakuten.co.jp/kinoco/wallet-09/,圏外,2
2026-01-27 04:53,トートバッグ レディース,https://item.rakuten.co.jp/kinoco/square-tote,圏外,7
2026-01-27 04:53,サコッシュ メンズ,https://item.rakuten.co.jp/kinoco/b1404,1,3
2026-01-27 04:53,トートバッグ レディース,https://item.rakuten.co.jp/kinoco/82193,圏外,圏外
2026-01-27 04:53,三つ折り財布 レディース,https://item.rakuten.co.jp/kinoco/st-909,3,8
2026-01-27 04:53,三つ折り財布,https://item.rakuten.co.jp/kinoco/st-909,4,10
2026-01-27 04:53,ミニ財布 本革,https://item.rakuten.co.jp/kinoco/st-909,圏外,2
2026-01-27 04:53,ミニ財布 本革 レディース,https://item.rakuten.co.jp/kinoco/st-909,1,1
2026-01-27 04:53,ハンドバッグ レディース,https://item.rakuten.co.jp/kinoco/stb-152/,圏外,3
2026-01-27 04:53,二つ折り財布 レディース,https://item.rakuten.co.jp/kinoco/st-w1660/,圏外,圏外
2026-01-27 04:53,トートバッグ メンズ,https://item.rakuten.co.jp/kinoco/cs-23/,圏外,12
2026-01-27 04:53,ビジネスバッグ,https://item.rakuten.co.jp/kinoco/cs-23/,5,34
2026-01-27 04:53,サコッシュ メンズ,https://item.rakuten.co.jp/kinoco/cs-26/,圏外,16
2026-01-27 04:53,トートバッグ メンズ 本革,https://item.rakuten.co.jp/kinoco/cs-29/,3,4
2026-01-27 04:53,長財布 レディース 本革,https://item.rakuten.co.jp/kinoco/st-831w/,1,4
2026-01-27 04:53,二つ折り財布,https://item.rakuten.co.jp/kinoco/st-819/,圏外,16
2026-01-27 04:53,二つ折り財布メンズ,https://item.rakuten.co.jp/kinoco/st-819/,2,10
2026-01-27 04:53,トートバッグ メンズ,https://item.rakuten.co.jp/kinoco/st-820/,4,17
2026-01-27 04:53,トートバッグ メンズ 小さめ,https://item.rakuten.co.jp/kinoco/cs-25/,1,36
2026-01-27 04:53,長財布 メンズ,https://item.rakuten.co.jp/kinoco/wallet-04/,2,5
2026-01-27 04:53,財布 メンズ 二つ折り 本革,https://item.rakuten.co.jp/kinoco/cs-05/,2,27
2026-01-27 04:53,二つ折り財布 メンズ,https://item.rakuten.co.jp/kinoco/wallet-09/,圏外,5
2026-01-27 05:06,トートバッグ レディース,https://item.rakuten.co.jp/kinoco/square-tote,圏外,28
2026-01-27 05:06,サコッシュ メンズ,https://item.rakuten.co.jp/kinoco/b1404,1,4
2026-01-27 05:06,トートバッグ レディース,https://item.rakuten.co.jp/kinoco/82193,圏外,11
2026-01-27 05:06,三つ折り財布 レディース,https://item.rakuten.co.jp/kinoco/st-909,4,8
2026-01-27 05:06,三つ折り財布,https://item.rakuten.co.jp/kinoco/st-909,4,10
2026-01-27 05:06,ミニ財布 本革,https://item.rakuten.co.jp/kinoco/st-909,圏外,3
2026-01-27 05:06,ミニ財布 本革 レディース,https://item.rakuten.co.jp/kinoco/st-909,1,1
2026-01-27 05:06,ハンドバッグ レディース,https://item.rakuten.co.jp/kinoco/stb-152/,圏外,5
2026-01-27 05:06,二つ折り財布 レディース,https://item.rakuten.co.jp/kinoco/st-w1660/,圏外,圏外
2026-01-27 05:06,トートバッグ メンズ,https://item.rakuten.co.jp/kinoco/cs-23/,圏外,12
2026-01-27 05:06,ビジネスバッグ,https://item.rakuten.co.jp/kinoco/cs-23/,4,29
2026-01-27 05:06,サコッシュ メンズ,https://item.rakuten.co.jp/kinoco/cs-26/,5,15
2026-01-27 05:06,トートバッグ メンズ 本革,https://item.rakuten.co.jp/kinoco/cs-29/,3,4
2026-01-27 05:06,長財布 レディース 本革,https://item.rakuten.co.jp/kinoco/st-831w/,1,4
2026-01-27 05:06,二つ折り財布,https://item.rakuten.co.jp/kinoco/st-819/,2,16
2026-01-27 05:06,二つ折り財布メンズ,https://item.rakuten.co.jp/kinoco/st-819/,1,8
2026-01-27 05:06,トートバッグ メンズ,https://item.rakuten.co.jp/kinoco/st-820/,4,17
2026-01-27 05:06,トートバッグ メンズ 小さめ,https://item.rakuten.co.jp/kinoco/cs-25/,1,36
2026-01-27 05:06,長財布 メンズ,https://item.rakuten.co.jp/kinoco/wallet-04/,2,4
2026-01-27 05:06,財布 メンズ 二つ折り 本革,https://item.rakuten.co.jp/kinoco/cs-05/,2,14
2026-01-27 05:06,二つ折り財布 メンズ,https://item.rakuten.co.jp/kinoco/wallet-09/,圏外,5
2026-01-27 05:20,トートバッグ レディース,https://item.rakuten.co.jp/kinoco/square-tote,圏外,26
2026-01-27 05:20,サコッシュ メンズ,https://item.rakuten.co.jp/kinoco/b1404,1,2
2026-01-27 05:20,トートバッグ レディース,https://item.rakuten.co.jp/kinoco/82193,圏外,10
2026-01-27 05:20,三つ折り財布 レディース,https://item.rakuten.co.jp/kinoco/st-909,2,8
2026-01-27 05:20,三つ折り財布,https://item.rakuten.co.jp/kinoco/st-909,3,10
2026-01-27 05:20,ミニ財布 本革,https://item.rakuten.co.jp/kinoco/st-909,圏外,3
2026-01-27 05:20,ミニ財布 本革 レディース,https://item.rakuten.co.jp/kinoco/st-909,1,1
2026-01-27 05:20,ハンドバッグ レディース,https://item.rakuten.co.jp/kinoco/stb-152/,圏外,5
2026-01-27 05:20,二つ折り財布 レディース,https://item.rakuten.co.jp/kinoco/st-w1660/,圏外,圏外
2026-01-27 05:20,トートバッグ メンズ,https://item.rakuten.co.jp/kinoco/cs-23/,圏外,12
2026-01-27 05:20,ビジネスバッグ,https://item.rakuten.co.jp/kinoco/cs-23/,4,29
2026-01-27 05:20,サコッシュ メンズ,https://item.rakuten.co.jp/kinoco/cs-26/,4,15
2026-01-27 05:20,トートバッグ メンズ 本革,https://item.rakuten.co.jp/kinoco/cs-29/,3,4
2026-01-27 05:20,長財布 レディース 本革,https://item.rakuten.co.jp/kinoco/st-831w/,1,4
2026-01-27 05:20,二つ折り財布,https://item.rakuten.co.jp/kinoco/st-819/,2,16
2026-01-27 05:20,二つ折り財布メンズ,https://item.rakuten.co.jp/kinoco/st-819/,1,8
2026-01-27 05:20,トートバッグ メンズ,https://item.rakuten.co.jp/kinoco/st-820/,2,17
2026-01-27 05:20,トートバッグ メンズ 小さめ,https://item.rakuten.co.jp/kinoco/cs-25/,1,36
2026-01-27 05:20,長財布 メンズ,https://item.rakuten.co.jp/kinoco/wallet-04/,2,4
2026-01-27 05:20,財布 メンズ 二つ折り 本革,https://item.rakuten.co.jp/kinoco/cs-05/,2,14
2026-01-27 05:20,二つ折り財布 メンズ,https://item.rakuten.co.jp/kinoco/wallet-09/,圏外,5
2026-01-27 05:41,トートバッグ レディース,https://item.rakuten.co.jp/kinoco/square-tote,圏外,28
2026-01-27 05:41,サコッシュ メンズ,https://item.rakuten.co.jp/kinoco/b1404,1,4
2026-01-27 05:41,トートバッグ レディース,https://item.rakuten.co.jp/kinoco/82193,圏外,11
2026-01-27 05:41,三つ折り財布 レディース,https://item.rakuten.co.jp/kinoco/st-909,4,8
2026-01-27 05:41,三つ折り財布,https://item.rakuten.co.jp/kinoco/st-909,4,10
2026-01-27 05:41,ミニ財布 本革,https://item.rakuten.co.jp/kinoco/st-909,圏外,3
2026-01-27 05:41,ミニ財布 本革 レディース,https://item.rakuten.co.jp/kinoco/st-909,1,1
2026-01-27 05:41,ハンドバッグ レディース,https://item.rakuten.co.jp/kinoco/stb-152/,圏外,5
2026-01-27 05:41,二つ折り財布 レディース,https://item.rakuten.co.jp/kinoco/st-w1660/,圏外,圏外
2026-01-27 05:41,トートバッグ メンズ,https://item.rakuten.co.jp/kinoco/cs-23/,圏外,12
2026-01-27 05:41,ビジネスバッグ,https://item.rakuten.co.jp/kinoco/cs-23/,4,29
2026-01-27 05:41,サコッシュ メンズ,https://item.rakuten.co.jp/kinoco/cs-26/,5,15
2026-01-27 05:41,トートバッグ メンズ 本革,https://item.rakuten.co.jp/kinoco/cs-29/,3,4
2026-01-27 05:41,長財布 レディース 本革,https://item.rakuten.co.jp/kinoco/st-831w/,1,4
2026-01-27 05:41,二つ折り財布,https://item.rakuten.co.jp/kinoco/st-819/,2,16
2026-01-27 05:41,二つ折り財布メンズ,https://item.rakuten.co.jp/kinoco/st-819/,1,8
2026-01-27 05:41,トートバッグ メンズ,https://item.rakuten.co.jp/kinoco/st-820/,4,17
2026-01-27 05:41,トートバッグ メンズ 小さめ,https://item.rakuten.co.jp/kinoco/cs-25/,1,36
2026-01-27 05:41,長財布 メンズ,https://item.rakuten.co.jp/kinoco/wallet-04/,2,4
2026-01-27 05:41,財布 メンズ 二つ折り 本革,https://item.rakuten.co.jp/kinoco/cs-05/,2,14
2026-01-27 05:41,二つ折り財布 メンズ,https://item.rakuten.co.jp/kinoco/wallet-09/,圏外,5
2026-01-27 05:54,トートバッグ レディース,https://item.rakuten.co.jp/kinoco/square-tote,圏外,7
2026-01-27 05:54,サコッシュ メンズ,https://item.rakuten.co.jp/kinoco/b1404,1,3
2026-01-27 05:54,トートバッグ レディース,https://item.rakuten.co.jp/kinoco/82193,圏外,圏外
2026-01-27 05:54,三つ折り財布 レディース,https://item.rakuten.co.jp/kinoco/st-909,3,8
2026-01-27 05:54,三つ折り財布,https://item.rakuten.co.jp/kinoco/st-909,4,10
2026-01-27 05:54,ミニ財布 本革,https://item.rakuten.co.jp/kinoco/st-909,圏外,2
2026-01-27 05:54,ミニ財布 本革 レディース,https://item.rakuten.co.jp/kinoco/st-909,1,1
2026-01-27 05:54,ハンドバッグ レディース,https://item.rakuten.co.jp/kinoco/stb-152/,圏外,3
2026-01-27 05:54,二つ折り財布 レディース,https://item.rakuten.co.jp/kinoco/st-w1660/,圏外,圏外
2026-01-27 05:54,トートバッグ メンズ,https://item.rakuten.co.jp/kinoco/cs-23/,圏外,12
2026-01-27 05:54,ビジネスバッグ,https://item.rakuten.co.jp/kinoco/cs-23/,4,29
2026-01-27 05:54,サコッシュ メンズ,https://item.rakuten.co.jp/kinoco/cs-26/,圏外,16
2026-01-27 05:54,トートバッグ メンズ 本革,https://item.rakuten.co.jp/kinoco/cs-29/,3,4
2026-01-27 05:54,長財布 レディース 本革,https://item.rakuten.co.jp/kinoco/st-831w/,1,4
2026-01-27 05:54,二つ折り財布,https://item.rakuten.co.jp/kinoco/st-819/,圏外,16
2026-01-27 05:54,二つ折り財布メンズ,https://item.rakuten.co.jp/kinoco/st-819/,2,10
2026-01-27 05:54,トートバッグ メンズ,https://item.rakuten.co.jp/kinoco/st-820/,4,17
2026-01-27 05:54,トートバッグ メンズ 小さめ,https://item.rakuten.co.jp/kinoco/cs-25/,1,36
2026-01-27 05:54,長財布 メンズ,https://item.rakuten.co.jp/kinoco/wallet-04/,2,5
2026-01-27 05:54,財布 メンズ 二つ折り 本革,https://item.rakuten.co.jp/kinoco/cs-05/,2,27
2026-01-27 05:54,二つ折り財布 メンズ,https://item.rakuten.co.jp/kinoco/wallet-09/,圏外,5
2026-01-27,トートバッグ レディース,https://item.rakuten.co.jp/kinoco/square-tote,圏外,28
2026-01-27,サコッシュ メンズ,https://item.rakuten.co.jp/kinoco/b1404,1,4
2026-01-27,トートバッグ レディース,https://item.rakuten.co.jp/kinoco/82193,圏外,11
2026-01-27,三つ折り財布 レディース,https://item.rakuten.co.jp/kinoco/st-909,4,8
2026-01-27,三つ折り財布,https://item.rakuten.co.jp/kinoco/st-909,4,10
2026-01-27,ミニ財布 本革,https://item.rakuten.co.jp/kinoco/st-909,圏外,3
2026-01-27,ミニ財布 本革 レディース,https://item.rakuten.co.jp/kinoco/st-909,1,1
2026-01-27,ハンドバッグ レディース,https://item.rakuten.co.jp/kinoco/stb-152/,圏外,5
2026-01-27,二つ折り財布 レディース,https://item.rakuten.co.jp/kinoco/st-w1660/,圏外,圏外
2026-01-27,トートバッグ メンズ,https://item.rakuten.co.jp/kinoco/cs-23/,圏外,12
2026-01-27,ビジネスバッグ,https://item.rakuten.co.jp/kinoco/cs-23/,4,29
2026-01-27,サコッシュ メンズ,https://item.rakuten.co.jp/kinoco/cs-26/,5,15
2026-01-27,トートバッグ メンズ 本革,https://item.rakuten.co.jp/kinoco/cs-29/,3,4
2026-01-27,長財布 レディース 本革,https://item.rakuten.co.jp/kinoco/st-831w/,1,4
2026-01-27,二つ折り財布,https://item.rakuten.co.jp/kinoco/st-819/,2,16
2026-01-27,二つ折り財布メンズ,https://item.rakuten.co.jp/kinoco/st-819/,1,8
2026-01-27,トートバッグ メンズ,https://item.rakuten.co.jp/kinoco/st-820/,4,17
2026-01-27,トートバッグ メンズ 小さめ,https://item.rakuten.co.jp/kinoco/cs-25/,1,36
2026-01-27,長財布 メンズ,https://item.rakuten.co.jp/kinoco/wallet-04/,2,4
2026-01-27,財布 メンズ 二つ折り 本革,https://item.rakuten.co.jp/kinoco/cs-05/,2,14
2026-01-27,二つ折り財布 メンズ,https://item.rakuten.co.jp/kinoco/wallet-09/,圏外,5
2026-01-27,トートバッグ レディース,https://item.rakuten.co.jp/kinoco/square-tote,圏外,26
2026-01-27,サコッシュ メンズ,https://item.rakuten.co.jp/kinoco/b1404,1,2
2026-01-27,トートバッグ レディース,https://item.rakuten.co.jp/kinoco/82193,圏外,10
2026-01-27,三つ折り財布 レディース,https://item.rakuten.co.jp/kinoco/st-909,3,7
2026-01-27,三つ折り財布,https://item.rakuten.co.jp/kinoco/st-909,4,10
2026-01-27,ミニ財布 本革,https://item.rakuten.co.jp/kinoco/st-909,圏外,2
2026-01-27,ミニ財布 本革 レディース,https://item.rakuten.co.jp/kinoco/st-909,1,1
2026-01-27,ハンドバッグ レディース,https://item.rakuten.co.jp/kinoco/stb-152/,圏外,4
2026-01-27,二つ折り財布 レディース,https://item.rakuten.co.jp/kinoco/st-w1660/,圏外,圏外
2026-01-27,トートバッグ メンズ,https://item.rakuten.co.jp/kinoco/cs-23/,圏外,12
2026-01-27,ビジネスバッグ,https://item.rakuten.co.jp/kinoco/cs-23/,4,29
2026-01-27,サコッシュ メンズ,https://item.rakuten.co.jp/kinoco/cs-26/,4,14
2026-01-27,トートバッグ メンズ 本革,https://item.rakuten.co.jp/kinoco/cs-29/,3,4
2026-01-27,長財布 レディース 本革,https://item.rakuten.co.jp/kinoco/st-831w/,1,4
2026-01-27,二つ折り財布,https://item.rakuten.co.jp/kinoco/st-819/,2,17
2026-01-27,二つ折り財布メンズ,https://item.rakuten.co.jp/kinoco/st-819/,1,8
2026-01-27,トートバッグ メンズ,https://item.rakuten.co.jp/kinoco/st-820/,2,16
2026-01-27,トートバッグ メンズ 小さめ,https://item.rakuten.co.jp/kinoco/cs-25/,1,36
2026-01-27,長財布 メンズ,https://item.rakuten.co.jp/kinoco/wallet-04/,2,4
2026-01-27,財布 メンズ 二つ折り 本革,https://item.rakuten.co.jp/kinoco/cs-05/,2,14
2026-01-27,二つ折り財布 メンズ,https://item.rakuten.co.jp/kinoco/wallet-09/,圏外,5
2026-01-27,トートバッグ レディース,https://item.rakuten.co.jp/kinoco/square-tote,圏外,28
2026-01-27,サコッシュ メンズ,https://item.rakuten.co.jp/kinoco/b1404,1,4
2026-01-27,トートバッグ レディース,https://item.rakuten.co.jp/kinoco/82193,圏外,11
2026-01-27,三つ折り財布 レディース,https://item.rakuten.co.jp/kinoco/st-909,4,8
2026-01-27,三つ折り財布,https://item.rakuten.co.jp/kinoco/st-909,4,10
2026-01-27,ミニ財布 本革,https://item.rakuten.co.jp/kinoco/st-909,圏外,3
2026-01-27,ミニ財布 本革 レディース,https://item.rakuten.co.jp/kinoco/st-909,1,1
2026-01-27,ハンドバッグ レディース,https://item.rakuten.co.jp/kinoco/stb-152/,圏外,5
2026-01-27,二つ折り財布 レディース,https://item.rakuten.co.jp/kinoco/st-w1660/,圏外,圏外
2026-01-27,トートバッグ メンズ,https://item.rakuten.co.jp/kinoco/cs-23/,圏外,12
2026-01-27,ビジネスバッグ,https://item.rakuten.co.jp/kinoco/cs-23/,4,29
2026-01-27,サコッシュ メンズ,https://item.rakuten.co.jp/kinoco/cs-26/,5,15
2026-01-27,トートバッグ メンズ 本革,https://item.rakuten.co.jp/kinoco/cs-29/,3,4
2026-01-27,長財布 レディース 本革,https://item.rakuten.co.jp/kinoco/st-831w/,1,4
2026-01-27,二つ折り財布,https://item.rakuten.co.jp/kinoco/st-819/,2,16
2026-01-27,二つ折り財布メンズ,https://item.rakuten.co.jp/kinoco/st-819/,1,8
2026-01-27,トートバッグ メンズ,https://item.rakuten.co.jp/kinoco/st-820/,4,17
2026-01-27,トートバッグ メンズ 小さめ,https://item.rakuten.co.jp/kinoco/cs-25/,1,36
2026-01-27,長財布 メンズ,https://item.rakuten.co.jp/kinoco/wallet-04/,2,4
2026-01-27,財布 メンズ 二つ折り 本革,https://item.rakuten.co.jp/kinoco/cs-05/,2,14
2026-01-27,二つ折り財布 メンズ,https://item.rakuten.co.jp/kinoco/wallet-09/,圏外,5
2026-01-27,トートバッグ レディース,https://item.rakuten.co.jp/kinoco/square-tote,圏外,7
2026-01-27,サコッシュ メンズ,https://item.rakuten.co.jp/kinoco/b1404,1,3
2026-01-27,トートバッグ レディース,https://item.rakuten.co.jp/kinoco/82193,圏外,圏外
2026-01-27,三つ折り財布 レディース,https://item.rakuten.co.jp/kinoco/st-909,3,8
2026-01-27,三つ折り財布,https://item.rakuten.co.jp/kinoco/st-909,4,10
2026-01-27,ミニ財布 本革,https://item.rakuten.co.jp/kinoco/st-909,圏外,2
2026-01-27,ミニ財布 本革 レディース,https://item.rakuten.co.jp/kinoco/st-909,1,1
2026-01-27,ハンドバッグ レディース,https://item.rakuten.co.jp/kinoco/stb-152/,圏外,3
2026-01-27,二つ折り財布 レディース,https://item.rakuten.co.jp/kinoco/st-w1660/,圏外,圏外
2026-01-27,トートバッグ メンズ,https://item.rakuten.co.jp/kinoco/cs-23/,圏外,12
2026-01-27,ビジネスバッグ,https://item.rakuten.co.jp/kinoco/cs-23/,4,29
2026-01-27,サコッシュ メンズ,https://item.rakuten.co.jp/kinoco/cs-26/,圏外,16
2026-01-27,トートバッグ メンズ 本革,https://item.rakuten.co.jp/kinoco/cs-29/,3,4
2026-01-27,長財布 レディース 本革,https://item.rakuten.co.jp/kinoco/st-831w/,1,4
2026-01-27,二つ折り財布,https://item.rakuten.co.jp/kinoco/st-819/,2,19
2026-01-27,二つ折り財布メンズ,https://item.rakuten.co.jp/kinoco/st-819/,2,10
2026-01-27,トートバッグ メンズ,https://item.rakuten.co.jp/kinoco/st-820/,4,17
2026-01-27,トートバッグ メンズ 小さめ,https://item.rakuten.co.jp/kinoco/cs-25/,1,36
2026-01-27,長財布 メンズ,https://item.rakuten.co.jp/kinoco/wallet-04/,2,5
2026-01-27,財布 メンズ 二つ折り 本革,https://item.rakuten.co.jp/kinoco/cs-05/,2,27
2026-01-27,二つ折り財布 メンズ,https://item.rakuten.co.jp/kinoco/wallet-09/,圏外,5
2026-01-27,トートバッグ レディース,https://item.rakuten.co.jp/kinoco/square-tote,圏外,26
2026-01-27,サコッシュ メンズ,https://item.rakuten.co.jp/kinoco/b1404,1,2
2026-01-27,トートバッグ レディース,https://item.rakuten.co.jp/kinoco/82193,圏外,10
2026-01-27,三つ折り財布 レディース,https://item.rakuten.co.jp/kinoco/st-909,3,7
2026-01-27,三つ折り財布,https://item.rakuten.co.jp/kinoco/st-909,4,10
2026-01-27,ミニ財布 本革,https://item.rakuten.co.jp/kinoco/st-909,圏外,2
2026-01-27,ミニ財布 本革 レディース,https://item.rakuten.co.jp/kinoco/st-909,1,1
2026-01-27,ハンドバッグ レディース,https://item.rakuten.co.jp/kinoco/stb-152/,圏外,4
2026-01-27,二つ折り財布 レディース,https://item.rakuten.co.jp/kinoco/st-w1660/,圏外,圏外
2026-01-27,トートバッグ メンズ,https://item.rakuten.co.jp/kinoco/cs-23/,圏外,12
2026-01-27,ビジネスバッグ,https://item.rakuten.co.jp/kinoco/cs-23/,4,29
2026-01-27,サコッシュ メンズ,https://item.rakuten.co.jp/kinoco/cs-26/,4,14
2026-01-27,トートバッグ メンズ 本革,https://item.rakuten.co.jp/kinoco/cs-29/,3,4
2026-01-27,長財布 レディース 本革,https://item.rakuten.co.jp/kinoco/st-831w/,1,4
2026-01-27,二つ折り財布,https://item.rakuten.co.jp/kinoco/st-819/,2,17
2026-01-27,二つ折り財布メンズ,https://item.rakuten.co.jp/kinoco/st-819/,1,8
2026-01-27,トートバッグ メンズ,https://item.rakuten.co.jp/kinoco/st-820/,2,16
2026-01-27,トートバッグ メンズ 小さめ,https://item.rakuten.co.jp/kinoco/cs-25/,1,36
2026-01-27,長財布 メンズ,https://item.rakuten.co.jp/kinoco/wallet-04/,2,4
2026-01-27,財布 メンズ 二つ折り 本革,https://item.rakuten.co.jp/kinoco/cs-05/,2,14
2026-01-27,二つ折り財布 メンズ,https://item.rakuten.co.jp/kinoco/wallet-09/,圏外,5
2026-01-27,トートバッグ レディース,https://item.rakuten.co.jp/kinoco/square-tote,圏外,28
2026-01-27,サコッシュ メンズ,https://item.rakuten.co.jp/kinoco/b1404,1,3
2026-01-27,トートバッグ レディース,https://item.rakuten.co.jp/kinoco/82193,圏外,9
2026-01-27,三つ折り財布 レディース,https://item.rakuten.co.jp/kinoco/st-909,3,8
2026-01-27,三つ折り財布,https://item.rakuten.co.jp/kinoco/st-909,4,10
2026-01-27,ミニ財布 本革,https://item.rakuten.co.jp/kinoco/st-909,圏外,2
2026-01-27,ミニ財布 本革 レディース,https://item.rakuten.co.jp/kinoco/st-909,1,1
2026-01-27,ハンドバッグ レディース,https://item.rakuten.co.jp/kinoco/stb-152/,圏外,3
2026-01-27,二つ折り財布 レディース,https://item.rakuten.co.jp/kinoco/st-w1660/,圏外,圏外
2026-01-27,トートバッグ メンズ,https://item.rakuten.co.jp/kinoco/cs-23/,圏外,12
2026-01-27,ビジネスバッグ,https://item.rakuten.co.jp/kinoco/cs-23/,4,29
2026-01-27,サコッシュ メンズ,https://item.rakuten.co.jp/kinoco/cs-26/,圏外,16
2026-01-27,トートバッグ メンズ 本革,https://item.rakuten.co.jp/kinoco/cs-29/,3,4
2026-01-27,長財布 レディース 本革,https://item.rakuten.co.jp/kinoco/st-831w/,1,4
2026-01-27,二つ折り財布,https://item.rakuten.co.jp/kinoco/st-819/,2,19
2026-01-27,二つ折り財布メンズ,https://item.rakuten.co.jp/kinoco/st-819/,2,10
2026-01-27,トートバッグ メンズ,https://item.rakuten.co.jp/kinoco/st-820/,4,17
2026-01-27,トートバッグ メンズ 小さめ,https://item.rakuten.co.jp/kinoco/cs-25/,1,36
2026-01-27,長財布 メンズ,https://item.rakuten.co.jp/kinoco/wallet-04/,2,5
2026-01-27,財布 メンズ 二つ折り 本革,https://item.rakuten.co.jp/kinoco/cs-05/,2,27
2026-01-27,二つ折り財布 メンズ,https://item.rakuten.co.jp/kinoco/wallet-09/,圏外,5
2026-01-27,トートバッグ レディース,https://item.rakuten.co.jp/kinoco/square-tote,圏外,28
2026-01-27,サコッシュ メンズ,https://item.rakuten.co.jp/kinoco/b1404,1,4
2026-01-27,トートバッグ レディース,https://item.rakuten.co.jp/kinoco/82193,圏外,11
2026-01-27,三つ折り財布 レディース,https://item.rakuten.co.jp/kinoco/st-909,4,8
2026-01-27,三つ折り財布,https://item.rakuten.co.jp/kinoco/st-909,4,10
2026-01-27,ミニ財布 本革,https://item.rakuten.co.jp/kinoco/st-909,圏外,3
2026-01-27,ミニ財布 本革 レディース,https://item.rakuten.co.jp/kinoco/st-909,1,1
2026-01-27,ハンドバッグ レディース,https://item.rakuten.co.jp/kinoco/stb-152/,圏外,5
2026-01-27,二つ折り財布 レディース,https://item.rakuten.co.jp/kinoco/st-w1660/,圏外,圏外
2026-01-27,トートバッグ メンズ,https://item.rakuten.co.jp/kinoco/cs-23/,圏外,12
2026-01-27,ビジネスバッグ,https://item.rakuten.co.jp/kinoco/cs-23/,4,29
2026-01-27,サコッシュ メンズ,https://item.rakuten.co.jp/kinoco/cs-26/,5,15
2026-01-27,トートバッグ メンズ 本革,https://item.rakuten.co.jp/kinoco/cs-29/,3,4
2026-01-27,長財布 レディース 本革,https://item.rakuten.co.jp/kinoco/st-831w/,1,4
2026-01-27,二つ折り財布,https://item.rakuten.co.jp/kinoco/st-819/,2,16
2026-01-27,二つ折り財布メンズ,https://item.rakuten.co.jp/kinoco/st-819/,1,8
2026-01-27,トートバッグ メンズ,https://item.rakuten.co.jp/kinoco/st-820/,4,17
2026-01-27,トートバッグ メンズ 小さめ,https://item.rakuten.co.jp/kinoco/cs-25/,1,36
2026-01-27,長財布 メンズ,https://item.rakuten.co.jp/kinoco/wallet-04/,2,4
2026-01-27,財布 メンズ 二つ折り 本革,https://item.rakuten.co.jp/kinoco/cs-05/,2,14
2026-01-27,二つ折り財布 メンズ,https://item.rakuten.co.jp/kinoco/wallet-09/,圏外,5
2026-01-28,トートバッグ レディース,https://item.rakuten.co.jp/kinoco/square-tote,圏外,25
2026-01-28,サコッシュ メンズ,https://item.rakuten.co.jp/kinoco/b1404,3,4
2026-01-28,トートバッグ レディース,https://item.rakuten.co.jp/kinoco/82193,圏外,16
2026-01-28,三つ折り財布 レディース,https://item.rakuten.co.jp/kinoco/st-909,2,13
2026-01-28,三つ折り財布,https://item.rakuten.co.jp/kinoco/st-909,4,12
2026-01-28,ミニ財布 本革,https://item.rakuten.co.jp/kinoco/st-909,4,6
2026-01-28,ミニ財布 本革 レディース,https://item.rakuten.co.jp/kinoco/st-909,1,1
2026-01-28,ハンドバッグ レディース,https://item.rakuten.co.jp/kinoco/stb-152/,圏外,7
2026-01-28,二つ折り財布 レディース,https://item.rakuten.co.jp/kinoco/st-w1660/,圏外,圏外
2026-01-28,トートバッグ メンズ,https://item.rakuten.co.jp/kinoco/cs-23/,圏外,18
2026-01-28,ビジネスバッグ,https://item.rakuten.co.jp/kinoco/cs-23/,圏外,32
2026-01-28,サコッシュ メンズ,https://item.rakuten.co.jp/kinoco/cs-26/,5,13
2026-01-28,トートバッグ メンズ 本革,https://item.rakuten.co.jp/kinoco/cs-29/,2,8
2026-01-28,長財布 レディース 本革,https://item.rakuten.co.jp/kinoco/st-831w/,1,7
2026-01-28,二つ折り財布,https://item.rakuten.co.jp/kinoco/st-819/,2,6
2026-01-28,二つ折り財布メンズ,https://item.rakuten.co.jp/kinoco/st-819/,2,9
2026-01-28,トートバッグ メンズ,https://item.rakuten.co.jp/kinoco/st-820/,3,14
2026-01-28,トートバッグ メンズ 小さめ,https://item.rakuten.co.jp/kinoco/cs-25/,1,圏外
2026-01-28,長財布 メンズ,https://item.rakuten.co.jp/kinoco/wallet-04/,1,2
2026-01-28,財布 メンズ 二つ折り 本革,https://item.rakuten.co.jp/kinoco/cs-05/,2,14
2026-01-28,二つ折り財布 メンズ,https://item.rakuten.co.jp/kinoco/wallet-09/,圏外,8
2026-01-29,トートバッグ レディース,https://item.rakuten.co.jp/kinoco/square-tote,圏外,20
2026-01-29,サコッシュ メンズ,https://item.rakuten.co.jp/kinoco/b1404,1,7
2026-01-29,トートバッグ レディース,https://item.rakuten.co.jp/kinoco/82193,圏外,23
2026-01-29,三つ折り財布 レディース,https://item.rakuten.co.jp/kinoco/st-909,2,16
2026-01-29,三つ折り財布,https://item.rakuten.co.jp/kinoco/st-909,4,15
2026-01-29,ミニ財布 本革,https://item.rakuten.co.jp/kinoco/st-909,圏外,9
2026-01-29,ミニ財布 本革 レディース,https://item.rakuten.co.jp/kinoco/st-909,1,1
2026-01-29,ハンドバッグ レディース,https://item.rakuten.co.jp/kinoco/stb-152/,圏外,10
2026-01-29,二つ折り財布 レディース,https://item.rakuten.co.jp/kinoco/st-w1660/,圏外,圏外
2026-01-29,トートバッグ メンズ,https://item.rakuten.co.jp/kinoco/cs-23/,圏外,16
2026-01-29,ビジネスバッグ,https://item.rakuten.co.jp/kinoco/cs-23/,3,圏外
2026-01-29,サコッシュ メンズ,https://item.rakuten.co.jp/kinoco/cs-26/,圏外,15
2026-01-29,トートバッグ メンズ 本革,https://item.rakuten.co.jp/kinoco/cs-29/,圏外,4
2026-01-29,長財布 レディース 本革,https://item.rakuten.co.jp/kinoco/st-831w/,1,25
2026-01-29,二つ折り財布,https://item.rakuten.co.jp/kinoco/st-819/,3,5
2026-01-29,二つ折り財布メンズ,https://item.rakuten.co.jp/kinoco/st-819/,2,16
2026-01-29,トートバッグ メンズ,https://item.rakuten.co.jp/kinoco/st-820/,5,15
2026-01-29,トートバッグ メンズ 小さめ,https://item.rakuten.co.jp/kinoco/cs-25/,1,圏外
2026-01-29,長財布 メンズ,https://item.rakuten.co.jp/kinoco/wallet-04/,1,3
2026-01-29,財布 メンズ 二つ折り 本革,https://item.rakuten.co.jp/kinoco/cs-05/,3,23
2026-01-29,二つ折り財布 メンズ,https://item.rakuten.co.jp/kinoco/wallet-09/,圏外,7
2026-01-29,長財布 レディース,https://item.rakuten.co.jp/kinoco/st-w1675/,圏外,圏外
2026-01-29,長財布 レディース 大容量,https://item.rakuten.co.jp/kinoco/st-w1675/,圏外,圏外
2026-01-29,長財布 レディース 本革,https://item.rakuten.co.jp/kinoco/st-w1675/,圏外,圏外
2026-01-29,財布 レディース 二つ折,https://item.rakuten.co.jp/kinoco/st-w1090/,2,43
2026-01-29,財布 レディース 二つ折り かわいい,https://item.rakuten.co.jp/kinoco/st-w1090/,4,圏外
2026-01-30,トートバッグ レディース,https://item.rakuten.co.jp/kinoco/square-tote,圏外,28
2026-01-30,サコッシュ メンズ,https://item.rakuten.co.jp/kinoco/b1404,2,10
2026-01-30,トートバッグ レディース,https://item.rakuten.co.jp/kinoco/82193,圏外,15
2026-01-30,三つ折り財布 レディース,https://item.rakuten.co.jp/kinoco/st-909,2,16
2026-01-30,三つ折り財布,https://item.rakuten.co.jp/kinoco/st-909,3,16
2026-01-30,ミニ財布 本革,https://item.rakuten.co.jp/kinoco/st-909,圏外,11
2026-01-30,ミニ財布 本革 レディース,https://item.rakuten.co.jp/kinoco/st-909,1,1
2026-01-30,ハンドバッグ レディース,https://item.rakuten.co.jp/kinoco/stb-152/,圏外,8
2026-01-30,二つ折り財布 レディース,https://item.rakuten.co.jp/kinoco/st-w1660/,圏外,圏外
2026-01-30,トートバッグ メンズ,https://item.rakuten.co.jp/kinoco/cs-23/,圏外,23
2026-01-30,ビジネスバッグ,https://item.rakuten.co.jp/kinoco/cs-23/,3,圏外
2026-01-30,サコッシュ メンズ,https://item.rakuten.co.jp/kinoco/cs-26/,圏外,12
2026-01-30,トートバッグ メンズ 本革,https://item.rakuten.co.jp/kinoco/cs-29/,4,7
2026-01-30,長財布 レディース 本革,https://item.rakuten.co.jp/kinoco/st-831w/,1,23
2026-01-30,二つ折り財布,https://item.rakuten.co.jp/kinoco/st-819/,5,7
2026-01-30,二つ折り財布メンズ,https://item.rakuten.co.jp/kinoco/st-819/,圏外,25
2026-01-30,トートバッグ メンズ,https://item.rakuten.co.jp/kinoco/st-820/,圏外,21
2026-01-30,トートバッグ メンズ 小さめ,https://item.rakuten.co.jp/kinoco/cs-25/,圏外,圏外
2026-01-30,長財布 メンズ,https://item.rakuten.co.jp/kinoco/wallet-04/,2,4
2026-01-30,財布 メンズ 二つ折り 本革,https://item.rakuten.co.jp/kinoco/cs-05/,4,圏外
2026-01-30,二つ折り財布 メンズ,https://item.rakuten.co.jp/kinoco/wallet-09/,圏外,4
2026-01-30,長財布 レディース,https://item.rakuten.co.jp/kinoco/st-w1675/,圏外,圏外
2026-01-30,長財布 レディース 大容量,https://item.rakuten.co.jp/kinoco/st-w1675/,圏外,圏外
2026-01-30,長財布 レディース 本革,https://item.rakuten.co.jp/kinoco/st-w1675/,5,圏外
2026-01-30,財布 レディース 二つ折,https://item.rakuten.co.jp/kinoco/st-w1090/,4,圏外
2026-01-30,財布 レディース 二つ折り かわいい,https://item.rakuten.co.jp/kinoco/st-w1090/,1,圏外
2026-01-30,ミニトートバッグ レディース,https://item.rakuten.co.jp/kinoco/82190s/,圏外,圏外
2026-01-30,ミニトート,https://item.rakuten.co.jp/kinoco/82190s/,1,圏外
2026-01-30,リュック メンズ 大容量,https://item.rakuten.co.jp/kinoco/cs-22/,圏外,圏外
2026-01-31,トートバッグ レディース,https://item.rakuten.co.jp/kinoco/square-tote,圏外,27
2026-01-31,サコッシュ メンズ,https://item.rakuten.co.jp/kinoco/b1404,1,9
2026-01-31,トートバッグ レディース,https://item.rakuten.co.jp/kinoco/82193,圏外,15
2026-01-31,三つ折り財布 レディース,https://item.rakuten.co.jp/kinoco/st-909,2,14
2026-01-31,三つ折り財布,https://item.rakuten.co.jp/kinoco/st-909,1,12
2026-01-31,ミニ財布 本革,https://item.rakuten.co.jp/kinoco/st-909,3,4
2026-01-31,ミニ財布 本革 レディース,https://item.rakuten.co.jp/kinoco/st-909,1,1
2026-01-31,ハンドバッグ レディース,https://item.rakuten.co.jp/kinoco/stb-152/,圏外,13
2026-01-31,二つ折り財布 レディース,https://item.rakuten.co.jp/kinoco/st-w1660/,圏外,圏外
2026-01-31,トートバッグ メンズ,https://item.rakuten.co.jp/kinoco/cs-23/,圏外,22
2026-01-31,ビジネスバッグ,https://item.rakuten.co.jp/kinoco/cs-23/,2,圏外
2026-01-31,サコッシュ メンズ,https://item.rakuten.co.jp/kinoco/cs-26/,4,14
2026-01-31,トートバッグ メンズ 本革,https://item.rakuten.co.jp/kinoco/cs-29/,1,8
2026-01-31,長財布 レディース 本革,https://item.rakuten.co.jp/kinoco/st-831w/,2,30
2026-01-31,二つ折り財布,https://item.rakuten.co.jp/kinoco/st-819/,4,8
2026-01-31,二つ折り財布メンズ,https://item.rakuten.co.jp/kinoco/st-819/,3,18
2026-01-31,トートバッグ メンズ,https://item.rakuten.co.jp/kinoco/st-820/,2,18
2026-01-31,トートバッグ メンズ 小さめ,https://item.rakuten.co.jp/kinoco/cs-25/,1,圏外
2026-01-31,長財布 メンズ,https://item.rakuten.co.jp/kinoco/wallet-04/,2,5
2026-01-31,財布 メンズ 二つ折り 本革,https://item.rakuten.co.jp/kinoco/cs-05/,3,38
2026-01-31,二つ折り財布 メンズ,https://item.rakuten.co.jp/kinoco/wallet-09/,圏外,4
2026-01-31,長財布 レディース,https://item.rakuten.co.jp/kinoco/st-w1675/,圏外,圏外
2026-01-31,長財布 レディース 大容量,https://item.rakuten.co.jp/kinoco/st-w1675/,2,圏外
2026-01-31,長財布 レディース 本革,https://item.rakuten.co.jp/kinoco/st-w1675/,1,圏外
2026-01-31,財布 レディース 二つ折,https://item.rakuten.co.jp/kinoco/st-w1090/,1,圏外
2026-01-31,財布 レディース 二つ折り かわいい,https://item.rakuten.co.jp/kinoco/st-w1090/,3,圏外
2026-01-31,ミニトートバッグ レディース,https://item.rakuten.co.jp/kinoco/82190s/,5,圏外
2026-01-31,ミニトート,https://item.rakuten.co.jp/kinoco/82190s/,3,圏外
2026-01-31,リュック メンズ 大容量,https://item.rakuten.co.jp/kinoco/cs-22/,圏外,圏外
2026-02-01,トートバッグ レディース,https://item.rakuten.co.jp/kinoco/square-tote,圏外,16
2026-02-01,サコッシュ メンズ,https://item.rakuten.co.jp/kinoco/b1404,2,15
2026-02-01,トートバッグ レディース,https://item.rakuten.co.jp/kinoco/82193,圏外,9
2026-02-01,三つ折り財布 レディース,https://item.rakuten.co.jp/kinoco/st-909,圏外,16
2026-02-01,三つ折り財布,https://item.rakuten.co.jp/kinoco/st-909,5,14
2026-02-01,ミニ財布 本革,https://item.rakuten.co.jp/kinoco/st-909,圏外,8
2026-02-01,ミニ財布 本革 レディース,https://item.rakuten.co.jp/kinoco/st-909,1,1
2026-02-01,ハンドバッグ レディース,https://item.rakuten.co.jp/kinoco/stb-152/,圏外,9
2026-02-01,二つ折り財布 レディース,https://item.rakuten.co.jp/kinoco/st-w1660/,圏外,圏外
2026-02-01,トートバッグ メンズ,https://item.rakuten.co.jp/kinoco/cs-23/,圏外,26
2026-02-01,ビジネスバッグ,https://item.rakuten.co.jp/kinoco/cs-23/,圏外,圏外
2026-02-01,サコッシュ メンズ,https://item.rakuten.co.jp/kinoco/cs-26/,圏外,14
2026-02-01,トートバッグ メンズ 本革,https://item.rakuten.co.jp/kinoco/cs-29/,圏外,14
2026-02-01,長財布 レディース 本革,https://item.rakuten.co.jp/kinoco/st-831w/,4,18
2026-02-01,二つ折り財布,https://item.rakuten.co.jp/kinoco/st-819/,圏外,12
2026-02-01,二つ折り財布メンズ,https://item.rakuten.co.jp/kinoco/st-819/,圏外,19
2026-02-01,トートバッグ メンズ,https://item.rakuten.co.jp/kinoco/st-820/,3,27
2026-02-01,トートバッグ メンズ 小さめ,https://item.rakuten.co.jp/kinoco/cs-25/,1,圏外
2026-02-01,長財布 メンズ,https://item.rakuten.co.jp/kinoco/wallet-04/,圏外,1
2026-02-01,財布 メンズ 二つ折り 本革,https://item.rakuten.co.jp/kinoco/cs-05/,5,圏外
2026-02-01,二つ折り財布 メンズ,https://item.rakuten.co.jp/kinoco/wallet-09/,圏外,4
2026-02-01,長財布 レディース,https://item.rakuten.co.jp/kinoco/st-w1675/,圏外,圏外
2026-02-01,長財布 レディース 大容量,https://item.rakuten.co.jp/kinoco/st-w1675/,圏外,圏外
2026-02-01,長財布 レディース 本革,https://item.rakuten.co.jp/kinoco/st-w1675/,1,圏外
2026-02-01,財布 レディース 二つ折,https://item.rakuten.co.jp/kinoco/st-w1090/,4,圏外
2026-02-01,財布 レディース 二つ折り かわいい,https://item.rakuten.co.jp/kinoco/st-w1090/,5,圏外
2026-02-01,ミニトートバッグ レディース,https://item.rakuten.co.jp/kinoco/82190s/,圏外,圏外
2026-02-01,ミニトート,https://item.rakuten.co.jp/kinoco/82190s/,3,圏外
2026-02-01,リュック メンズ 大容量,https://item.rakuten.co.jp/kinoco/cs-22/,圏外,圏外
2026-02-02,トートバッグ レディース,https://item.rakuten.co.jp/kinoco/square-tote,圏外,20
2026-02-02,サコッシュ メンズ,https://item.rakuten.co.jp/kinoco/b1404,4,19
2026-02-02,トートバッグ レディース,https://item.rakuten.co.jp/kinoco/82193,圏外,8
2026-02-02,三つ折り財布 レディース,https://item.rakuten.co.jp/kinoco/st-909,圏外,16
2026-02-02,三つ折り財布,https://item.rakuten.co.jp/kinoco/st-909,圏外,15
2026-02-02,ミニ財布 本革,https://item.rakuten.co.jp/kinoco/st-909,圏外,8
2026-02-02,ミニ財布 本革 レディース,https://item.rakuten.co.jp/kinoco/st-909,1,1
2026-02-02,ハンドバッグ レディース,https://item.rakuten.co.jp/kinoco/stb-152/,圏外,10
2026-02-02,二つ折り財布 レディース,https://item.rakuten.co.jp/kinoco/st-w1660/,圏外,圏外
2026-02-02,トートバッグ メンズ,https://item.rakuten.co.jp/kinoco/cs-23/,圏外,15
2026-02-02,ビジネスバッグ,https://item.rakuten.co.jp/kinoco/cs-23/,圏外,37
2026-02-02,サコッシュ メンズ,https://item.rakuten.co.jp/kinoco/cs-26/,圏外,21
2026-02-02,トートバッグ メンズ 本革,https://item.rakuten.co.jp/kinoco/cs-29/,圏外,6
2026-02-02,長財布 レディース 本革,https://item.rakuten.co.jp/kinoco/st-831w/,3,18
2026-02-02,二つ折り財布,https://item.rakuten.co.jp/kinoco/st-819/,3,15
2026-02-02,二つ折り財布メンズ,https://item.rakuten.co.jp/kinoco/st-819/,5,13
2026-02-02,トートバッグ メンズ,https://item.rakuten.co.jp/kinoco/st-820/,圏外,30
2026-02-02,トートバッグ メンズ 小さめ,https://item.rakuten.co.jp/kinoco/cs-25/,1,43
2026-02-02,長財布 メンズ,https://item.rakuten.co.jp/kinoco/wallet-04/,3,1
2026-02-02,財布 メンズ 二つ折り 本革,https://item.rakuten.co.jp/kinoco/cs-05/,2,20
2026-02-02,二つ折り財布 メンズ,https://item.rakuten.co.jp/kinoco/wallet-09/,圏外,4
2026-02-02,長財布 レディース,https://item.rakuten.co.jp/kinoco/st-w1675/,圏外,圏外
2026-02-02,長財布 レディース 大容量,https://item.rakuten.co.jp/kinoco/st-w1675/,圏外,圏外
2026-02-02,長財布 レディース 本革,https://item.rakuten.co.jp/kinoco/st-w1675/,2,圏外
2026-02-02,財布 レディース 二つ折,https://item.rakuten.co.jp/kinoco/st-w1090/,4,40
2026-02-02,財布 レディース 二つ折り かわいい,https://item.rakuten.co.jp/kinoco/st-w1090/,2,40
2026-02-02,ミニトートバッグ レディース,https://item.rakuten.co.jp/kinoco/82190s/,3,37
2026-02-02,ミニトート,https://item.rakuten.co.jp/kinoco/82190s/,1,圏外
2026-02-02,リュック メンズ 大容量,https://item.rakuten.co.jp/kinoco/cs-22/,圏外,圏外
2026-02-03,トートバッグ レディース,https://item.rakuten.co.jp/kinoco/square-tote,圏外,16
2026-02-03,サコッシュ メンズ,https://item.rakuten.co.jp/kinoco/b1404,圏外,20
2026-02-03,トートバッグ レディース,https://item.rakuten.co.jp/kinoco/82193,圏外,13
2026-02-03,三つ折り財布 レディース,https://item.rakuten.co.jp/kinoco/st-909,圏外,13
2026-02-03,三つ折り財布,https://item.rakuten.co.jp/kinoco/st-909,圏外,17
2026-02-03,ミニ財布 本革,https://item.rakuten.co.jp/kinoco/st-909,圏外,7
2026-02-03,ミニ財布 本革 レディース,https://item.rakuten.co.jp/kinoco/st-909,圏外,1
2026-02-03,ハンドバッグ レディース,https://item.rakuten.co.jp/kinoco/stb-152/,圏外,13
2026-02-03,二つ折り財布 レディース,https://item.rakuten.co.jp/kinoco/st-w1660/,圏外,圏外
2026-02-03,トートバッグ メンズ,https://item.rakuten.co.jp/kinoco/cs-23/,圏外,17
2026-02-03,ビジネスバッグ,https://item.rakuten.co.jp/kinoco/cs-23/,圏外,41
2026-02-03,サコッシュ メンズ,https://item.rakuten.co.jp/kinoco/cs-26/,圏外,19
2026-02-03,トートバッグ メンズ 本革,https://item.rakuten.co.jp/kinoco/cs-29/,圏外,6
2026-02-03,長財布 レディース 本革,https://item.rakuten.co.jp/kinoco/st-831w/,圏外,35
2026-02-03,二つ折り財布,https://item.rakuten.co.jp/kinoco/st-819/,圏外,12
2026-02-03,二つ折り財布メンズ,https://item.rakuten.co.jp/kinoco/st-819/,圏外,27
2026-02-03,トートバッグ メンズ,https://item.rakuten.co.jp/kinoco/st-820/,圏外,35
2026-02-03,トートバッグ メンズ 小さめ,https://item.rakuten.co.jp/kinoco/cs-25/,圏外,圏外
2026-02-03,長財布 メンズ,https://item.rakuten.co.jp/kinoco/wallet-04/,圏外,2
2026-02-03,財布 メンズ 二つ折り 本革,https://item.rakuten.co.jp/kinoco/cs-05/,圏外,44
2026-02-03,二つ折り財布 メンズ,https://item.rakuten.co.jp/kinoco/wallet-09/,圏外,4
2026-02-03,長財布 レディース,https://item.rakuten.co.jp/kinoco/st-w1675/,圏外,圏外
2026-02-03,長財布 レディース 大容量,https://item.rakuten.co.jp/kinoco/st-w1675/,圏外,圏外
2026-02-03,長財布 レディース 本革,https://item.rakuten.co.jp/kinoco/st-w1675/,圏外,圏外
2026-02-03,財布 レディース 二つ折,https://item.rakuten.co.jp/kinoco/st-w1090/,圏外,31
2026-02-03,財布 レディース 二つ折り かわいい,https://item.rakuten.co.jp/kinoco/st-w1090/,4,43
2026-02-03,ミニトートバッグ レディース,https://item.rakuten.co.jp/kinoco/82190s/,3,42
2026-02-03,ミニトート,https://item.rakuten.co.jp/kinoco/82190s/,圏外,圏外
2026-02-03,リュック メンズ 大容量,https://item.rakuten.co.jp/kinoco/cs-22/,圏外,圏外
2026-02-04,トートバッグ レディース,https://item.rakuten.co.jp/kinoco/square-tote,圏外,22
2026-02-04,サコッシュ メンズ,https://item.rakuten.co.jp/kinoco/b1404,圏外,14
2026-02-04,トートバッグ レディース,https://item.rakuten.co.jp/kinoco/82193,圏外,18
2026-02-04,三つ折り財布 レディース,https://item.rakuten.co.jp/kinoco/st-909,圏外,11
2026-02-04,三つ折り財布,https://item.rakuten.co.jp/kinoco/st-909,圏外,19
2026-02-04,ミニ財布 本革,https://item.rakuten.co.jp/kinoco/st-909,圏外,8
2026-02-04,ミニ財布 本革 レディース,https://item.rakuten.co.jp/kinoco/st-909,圏外,2
2026-02-04,ハンドバッグ レディース,https://item.rakuten.co.jp/kinoco/stb-152/,圏外,4
2026-02-04,二つ折り財布 レディース,https://item.rakuten.co.jp/kinoco/st-w1660/,圏外,圏外
2026-02-04,トートバッグ メンズ,https://item.rakuten.co.jp/kinoco/cs-23/,圏外,18
2026-02-04,ビジネスバッグ,https://item.rakuten.co.jp/kinoco/cs-23/,圏外,43
2026-02-04,サコッシュ メンズ,https://item.rakuten.co.jp/kinoco/cs-26/,圏外,21
2026-02-04,トートバッグ メンズ 本革,https://item.rakuten.co.jp/kinoco/cs-29/,圏外,6
2026-02-04,長財布 レディース 本革,https://item.rakuten.co.jp/kinoco/st-831w/,圏外,24
2026-02-04,二つ折り財布,https://item.rakuten.co.jp/kinoco/st-819/,圏外,12
2026-02-04,二つ折り財布メンズ,https://item.rakuten.co.jp/kinoco/st-819/,圏外,25
2026-02-04,トートバッグ メンズ,https://item.rakuten.co.jp/kinoco/st-820/,圏外,32
2026-02-04,トートバッグ メンズ 小さめ,https://item.rakuten.co.jp/kinoco/cs-25/,圏外,圏外
2026-02-04,長財布 メンズ,https://item.rakuten.co.jp/kinoco/wallet-04/,圏外,5
2026-02-04,財布 メンズ 二つ折り 本革,https://item.rakuten.co.jp/kinoco/cs-05/,圏外,圏外
2026-02-04,二つ折り財布 メンズ,https://item.rakuten.co.jp/kinoco/wallet-09/,圏外,6
2026-02-04,長財布 レディース,https://item.rakuten.co.jp/kinoco/st-w1675/,圏外,圏外
2026-02-04,長財布 レディース 大容量,https://item.rakuten.co.jp/kinoco/st-w1675/,圏外,圏外
2026-02-04,長財布 レディース 本革,https://item.rakuten.co.jp/kinoco/st-w1675/,圏外,圏外
2026-02-04,財布 レディース 二つ折,https://item.rakuten.co.jp/kinoco/st-w1090/,圏外,33
2026-02-04,財布 レディース 二つ折り かわいい,https://item.rakuten.co.jp/kinoco/st-w1090/,圏外,36
2026-02-04,ミニトートバッグ レディース,https://item.rakuten.co.jp/kinoco/82190s/,圏外,圏外
2026-02-04,ミニトート,https://item.rakuten.co.jp/kinoco/82190s/,圏外,圏外
2026-02-04,リュック メンズ 大容量,https://item.rakuten.co.jp/kinoco/cs-22/,圏外,圏外
2026-02-05,トートバッグ レディース,https://item.rakuten.co.jp/kinoco/square-tote,圏外,15
2026-02-05,サコッシュ メンズ,https://item.rakuten.co.jp/kinoco/b1404,圏外,11
2026-02-05,トートバッグ レディース,https://item.rakuten.co.jp/kinoco/82193,圏外,11
2026-02-05,三つ折り財布 レディース,https://item.rakuten.co.jp/kinoco/st-909,圏外,9
2026-02-05,三つ折り財布,https://item.rakuten.co.jp/kinoco/st-909,4,12
2026-02-05,ミニ財布 本革,https://item.rakuten.co.jp/kinoco/st-909,圏外,9
2026-02-05,ミニ財布 本革 レディース,https://item.rakuten.co.jp/kinoco/st-909,2,1
2026-02-05,ハンドバッグ レディース,https://item.rakuten.co.jp/kinoco/stb-152/,圏外,4
2026-02-05,二つ折り財布 レディース,https://item.rakuten.co.jp/kinoco/st-w1660/,圏外,15
2026-02-05,トートバッグ メンズ,https://item.rakuten.co.jp/kinoco/cs-23/,圏外,17
2026-02-05,ビジネスバッグ,https://item.rakuten.co.jp/kinoco/cs-23/,圏外,39
2026-02-05,サコッシュ メンズ,https://item.rakuten.co.jp/kinoco/cs-26/,圏外,9
2026-02-05,トートバッグ メンズ 本革,https://item.rakuten.co.jp/kinoco/cs-29/,圏外,3
2026-02-05,長財布 レディース 本革,https://item.rakuten.co.jp/kinoco/st-831w/,2,4
2026-02-05,二つ折り財布,https://item.rakuten.co.jp/kinoco/st-819/,圏外,8
2026-02-05,二つ折り財布メンズ,https://item.rakuten.co.jp/kinoco/st-819/,圏外,13
2026-02-05,トートバッグ メンズ,https://item.rakuten.co.jp/kinoco/st-820/,圏外,14
2026-02-05,トートバッグ メンズ 小さめ,https://item.rakuten.co.jp/kinoco/cs-25/,1,34
2026-02-05,長財布 メンズ,https://item.rakuten.co.jp/kinoco/wallet-04/,圏外,1
2026-02-05,財布 メンズ 二つ折り 本革,https://item.rakuten.co.jp/kinoco/cs-05/,5,30
2026-02-05,二つ折り財布 メンズ,https://item.rakuten.co.jp/kinoco/wallet-09/,圏外,2
2026-02-05,長財布 レディース,https://item.rakuten.co.jp/kinoco/st-w1675/,圏外,圏外
2026-02-05,長財布 レディース 大容量,https://item.rakuten.co.jp/kinoco/st-w1675/,圏外,圏外
2026-02-05,長財布 レディース 本革,https://item.rakuten.co.jp/kinoco/st-w1675/,圏外,圏外
2026-02-05,財布 レディース 二つ折,https://item.rakuten.co.jp/kinoco/st-w1090/,圏外,19
2026-02-05,財布 レディース 二つ折り かわいい,https://item.rakuten.co.jp/kinoco/st-w1090/,圏外,31
2026-02-05,ミニトートバッグ レディース,https://item.rakuten.co.jp/kinoco/82190s/,圏外,35
2026-02-05,ミニトート,https://item.rakuten.co.jp/kinoco/82190s/,圏外,圏外
2026-02-05,リュック メンズ 大容量,https://item.rakuten.co.jp/kinoco/cs-22/,圏外,圏外
2026-02-06,トートバッグ レディース,https://item.rakuten.co.jp/kinoco/square-tote,圏外,13
2026-02-06,サコッシュ メンズ,https://item.rakuten.co.jp/kinoco/b1404,圏外,7
2026-02-06,トートバッグ レディース,https://item.rakuten.co.jp/kinoco/82193,圏外,15
2026-02-06,三つ折り財布 レディース,https://item.rakuten.co.jp/kinoco/st-909,圏外,9
2026-02-06,三つ折り財布,https://item.rakuten.co.jp/kinoco/st-909,5,12
2026-02-06,ミニ財布 本革,https://item.rakuten.co.jp/kinoco/st-909,圏外,6
2026-02-06,ミニ財布 本革 レディース,https://item.rakuten.co.jp/kinoco/st-909,2,1
2026-02-06,ハンドバッグ レディース,https://item.rakuten.co.jp/kinoco/stb-152/,圏外,7
2026-02-06,二つ折り財布 レディース,https://item.rakuten.co.jp/kinoco/st-w1660/,圏外,圏外
2026-02-06,トートバッグ メンズ,https://item.rakuten.co.jp/kinoco/cs-23/,圏外,15
2026-02-06,ビジネスバッグ,https://item.rakuten.co.jp/kinoco/cs-23/,圏外,37
2026-02-06,サコッシュ メンズ,https://item.rakuten.co.jp/kinoco/cs-26/,圏外,12
2026-02-06,トートバッグ メンズ 本革,https://item.rakuten.co.jp/kinoco/cs-29/,圏外,6
2026-02-06,長財布 レディース 本革,https://item.rakuten.co.jp/kinoco/st-831w/,3,5
2026-02-06,二つ折り財布,https://item.rakuten.co.jp/kinoco/st-819/,4,7
2026-02-06,二つ折り財布メンズ,https://item.rakuten.co.jp/kinoco/st-819/,圏外,9
2026-02-06,トートバッグ メンズ,https://item.rakuten.co.jp/kinoco/st-820/,圏外,17
2026-02-06,トートバッグ メンズ 小さめ,https://item.rakuten.co.jp/kinoco/cs-25/,1,35
2026-02-06,長財布 メンズ,https://item.rakuten.co.jp/kinoco/wallet-04/,3,3
2026-02-06,財布 メンズ 二つ折り 本革,https://item.rakuten.co.jp/kinoco/cs-05/,4,29
2026-02-06,二つ折り財布 メンズ,https://item.rakuten.co.jp/kinoco/wallet-09/,圏外,2
2026-02-06,長財布 レディース,https://item.rakuten.co.jp/kinoco/st-w1675/,圏外,圏外
2026-02-06,長財布 レディース 大容量,https://item.rakuten.co.jp/kinoco/st-w1675/,圏外,圏外
2026-02-06,長財布 レディース 本革,https://item.rakuten.co.jp/kinoco/st-w1675/,圏外,圏外
2026-02-06,財布 レディース 二つ折,https://item.rakuten.co.jp/kinoco/st-w1090/,圏外,21
2026-02-06,財布 レディース 二つ折り かわいい,https://item.rakuten.co.jp/kinoco/st-w1090/,圏外,31
2026-02-06,ミニトートバッグ レディース,https://item.rakuten.co.jp/kinoco/82190s/,4,37
2026-02-06,ミニトート,https://item.rakuten.co.jp/kinoco/82190s/,5,圏外
2026-02-06,リュック メンズ 大容量,https://item.rakuten.co.jp/kinoco/cs-22/,圏外,圏外
2026-02-07,トートバッグ レディース,https://item.rakuten.co.jp/kinoco/square-tote,圏外,26
2026-02-07,サコッシュ メンズ,https://item.rakuten.co.jp/kinoco/b1404,4,6
2026-02-07,トートバッグ レディース,https://item.rakuten.co.jp/kinoco/82193,5,12
2026-02-07,三つ折り財布 レディース,https://item.rakuten.co.jp/kinoco/st-909,圏外,10
2026-02-07,三つ折り財布,https://item.rakuten.co.jp/kinoco/st-909,圏外,15
2026-02-07,ミニ財布 本革,https://item.rakuten.co.jp/kinoco/st-909,圏外,7
2026-02-07,ミニ財布 本革 レディース,https://item.rakuten.co.jp/kinoco/st-909,2,1
2026-02-07,ハンドバッグ レディース,https://item.rakuten.co.jp/kinoco/stb-152/,圏外,18
2026-02-07,二つ折り財布 レディース,https://item.rakuten.co.jp/kinoco/st-w1660/,圏外,圏外
2026-02-07,トートバッグ メンズ,https://item.rakuten.co.jp/kinoco/cs-23/,圏外,15
2026-02-07,ビジネスバッグ,https://item.rakuten.co.jp/kinoco/cs-23/,圏外,34
2026-02-07,サコッシュ メンズ,https://item.rakuten.co.jp/kinoco/cs-26/,圏外,19
2026-02-07,トートバッグ メンズ 本革,https://item.rakuten.co.jp/kinoco/cs-29/,圏外,3
2026-02-07,長財布 レディース 本革,https://item.rakuten.co.jp/kinoco/st-831w/,3,6
2026-02-07,二つ折り財布,https://item.rakuten.co.jp/kinoco/st-819/,4,15
2026-02-07,二つ折り財布メンズ,https://item.rakuten.co.jp/kinoco/st-819/,5,12
2026-02-07,トートバッグ メンズ,https://item.rakuten.co.jp/kinoco/st-820/,3,37
2026-02-07,トートバッグ メンズ 小さめ,https://item.rakuten.co.jp/kinoco/cs-25/,2,37
2026-02-07,長財布 メンズ,https://item.rakuten.co.jp/kinoco/wallet-04/,2,4
2026-02-07,財布 メンズ 二つ折り 本革,https://item.rakuten.co.jp/kinoco/cs-05/,5,24
2026-02-07,二つ折り財布 メンズ,https://item.rakuten.co.jp/kinoco/wallet-09/,圏外,6
2026-02-07,長財布 レディース,https://item.rakuten.co.jp/kinoco/st-w1675/,圏外,圏外
2026-02-07,長財布 レディース 大容量,https://item.rakuten.co.jp/kinoco/st-w1675/,圏外,圏外
2026-02-07,長財布 レディース 本革,https://item.rakuten.co.jp/kinoco/st-w1675/,圏外,圏外
2026-02-07,財布 レディース 二つ折,https://item.rakuten.co.jp/kinoco/st-w1090/,圏外,33
2026-02-07,財布 レディース 二つ折り かわいい,https://item.rakuten.co.jp/kinoco/st-w1090/,圏外,35
2026-02-07,ミニトートバッグ レディース,https://item.rakuten.co.jp/kinoco/82190s/,3,43
2026-02-07,ミニトート,https://item.rakuten.co.jp/kinoco/82190s/,5,圏外
2026-02-07,リュック メンズ 大容量,https://item.rakuten.co.jp/kinoco/cs-22/,圏外,圏外
2026-02-08,トートバッグ レディース,https://item.rakuten.co.jp/kinoco/square-tote,圏外,11
2026-02-08,サコッシュ メンズ,https://item.rakuten.co.jp/kinoco/b1404,4,4
2026-02-08,トートバッグ レディース,https://item.rakuten.co.jp/kinoco/82193,4,28
2026-02-08,三つ折り財布 レディース,https://item.rakuten.co.jp/kinoco/st-909,5,14
2026-02-08,三つ折り財布,https://item.rakuten.co.jp/kinoco/st-909,4,19
2026-02-08,ミニ財布 本革,https://item.rakuten.co.jp/kinoco/st-909,圏外,10
2026-02-08,ミニ財布 本革 レディース,https://item.rakuten.co.jp/kinoco/st-909,1,1
2026-02-08,ハンドバッグ レディース,https://item.rakuten.co.jp/kinoco/stb-152/,圏外,9
2026-02-08,二つ折り財布 レディース,https://item.rakuten.co.jp/kinoco/st-w1660/,圏外,圏外
2026-02-08,トートバッグ メンズ,https://item.rakuten.co.jp/kinoco/cs-23/,圏外,13
2026-02-08,ビジネスバッグ,https://item.rakuten.co.jp/kinoco/cs-23/,圏外,41
2026-02-08,サコッシュ メンズ,https://item.rakuten.co.jp/kinoco/cs-26/,圏外,20
2026-02-08,トートバッグ メンズ 本革,https://item.rakuten.co.jp/kinoco/cs-29/,圏外,4
2026-02-08,長財布 レディース 本革,https://item.rakuten.co.jp/kinoco/st-831w/,3,6
2026-02-08,二つ折り財布,https://item.rakuten.co.jp/kinoco/st-819/,4,17
2026-02-08,二つ折り財布メンズ,https://item.rakuten.co.jp/kinoco/st-819/,圏外,15
2026-02-08,トートバッグ メンズ,https://item.rakuten.co.jp/kinoco/st-820/,3,45
2026-02-08,トートバッグ メンズ 小さめ,https://item.rakuten.co.jp/kinoco/cs-25/,2,36
2026-02-08,長財布 メンズ,https://item.rakuten.co.jp/kinoco/wallet-04/,2,2
2026-02-08,財布 メンズ 二つ折り 本革,https://item.rakuten.co.jp/kinoco/cs-05/,5,5
2026-02-08,二つ折り財布 メンズ,https://item.rakuten.co.jp/kinoco/wallet-09/,圏外,3
2026-02-08,長財布 レディース,https://item.rakuten.co.jp/kinoco/st-w1675/,圏外,圏外
2026-02-08,長財布 レディース 大容量,https://item.rakuten.co.jp/kinoco/st-w1675/,圏外,圏外
2026-02-08,長財布 レディース 本革,https://item.rakuten.co.jp/kinoco/st-w1675/,圏外,圏外
2026-02-08,財布 レディース 二つ折,https://item.rakuten.co.jp/kinoco/st-w1090/,4,38
2026-02-08,財布 レディース 二つ折り かわいい,https://item.rakuten.co.jp/kinoco/st-w1090/,圏外,34
2026-02-08,ミニトートバッグ レディース,https://item.rakuten.co.jp/kinoco/82190s/,3,43
2026-02-08,ミニトート,https://item.rakuten.co.jp/kinoco/82190s/,4,圏外
2026-02-08,リュック メンズ 大容量,https://item.rakuten.co.jp/kinoco/cs-22/,圏外,圏外
2026-02-09,トートバッグ レディース,https://item.rakuten.co.jp/kinoco/square-tote,圏外,8
2026-02-09,サコッシュ メンズ,https://item.rakuten.co.jp/kinoco/b1404,3,4
2026-02-09,トートバッグ レディース,https://item.rakuten.co.jp/kinoco/82193,圏外,21
2026-02-09,三つ折り財布 レディース,https://item.rakuten.co.jp/kinoco/st-909,圏外,14
2026-02-09,三つ折り財布,https://item.rakuten.co.jp/kinoco/st-909,5,21
2026-02-09,ミニ財布 本革,https://item.rakuten.co.jp/kinoco/st-909,圏外,7
2026-02-09,ミニ財布 本革 レディース,https://item.rakuten.co.jp/kinoco/st-909,1,1
2026-02-09,ハンドバッグ レディース,https://item.rakuten.co.jp/kinoco/stb-152/,圏外,15
2026-02-09,二つ折り財布 レディース,https://item.rakuten.co.jp/kinoco/st-w1660/,圏外,圏外
2026-02-09,トートバッグ メンズ,https://item.rakuten.co.jp/kinoco/cs-23/,圏外,13
2026-02-09,ビジネスバッグ,https://item.rakuten.co.jp/kinoco/cs-23/,圏外,38
2026-02-09,サコッシュ メンズ,https://item.rakuten.co.jp/kinoco/cs-26/,圏外,20
2026-02-09,トートバッグ メンズ 本革,https://item.rakuten.co.jp/kinoco/cs-29/,圏外,6
2026-02-09,長財布 レディース 本革,https://item.rakuten.co.jp/kinoco/st-831w/,3,6
2026-02-09,二つ折り財布,https://item.rakuten.co.jp/kinoco/st-819/,4,21
2026-02-09,二つ折り財布メンズ,https://item.rakuten.co.jp/kinoco/st-819/,2,17
2026-02-09,トートバッグ メンズ,https://item.rakuten.co.jp/kinoco/st-820/,圏外,34
2026-02-09,トートバッグ メンズ 小さめ,https://item.rakuten.co.jp/kinoco/cs-25/,2,34
2026-02-09,長財布 メンズ,https://item.rakuten.co.jp/kinoco/wallet-04/,3,2
2026-02-09,財布 メンズ 二つ折り 本革,https://item.rakuten.co.jp/kinoco/cs-05/,5,11
2026-02-09,二つ折り財布 メンズ,https://item.rakuten.co.jp/kinoco/wallet-09/,圏外,3
2026-02-09,長財布 レディース,https://item.rakuten.co.jp/kinoco/st-w1675/,圏外,圏外
2026-02-09,長財布 レディース 大容量,https://item.rakuten.co.jp/kinoco/st-w1675/,圏外,圏外
2026-02-09,長財布 レディース 本革,https://item.rakuten.co.jp/kinoco/st-w1675/,圏外,圏外
2026-02-09,財布 レディース 二つ折,https://item.rakuten.co.jp/kinoco/st-w1090/,圏外,40
2026-02-09,財布 レディース 二つ折り かわいい,https://item.rakuten.co.jp/kinoco/st-w1090/,圏外,43
2026-02-09,ミニトートバッグ レディース,https://item.rakuten.co.jp/kinoco/82190s/,圏外,圏外
2026-02-09,ミニトート,https://item.rakuten.co.jp/kinoco/82190s/,5,圏外
2026-02-09,リュック メンズ 大容量,https://item.rakuten.co.jp/kinoco/cs-22/,圏外,圏外
2026-02-10,トートバッグ レディース,https://item.rakuten.co.jp/kinoco/square-tote,圏外,16
2026-02-10,サコッシュ メンズ,https://item.rakuten.co.jp/kinoco/b1404,3,7
2026-02-10,トートバッグ レディース,https://item.rakuten.co.jp/kinoco/82193,5,24
2026-02-10,三つ折り財布 レディース,https://item.rakuten.co.jp/kinoco/st-909,圏外,5
2026-02-10,三つ折り財布,https://item.rakuten.co.jp/kinoco/st-909,4,8
2026-02-10,ミニ財布 本革,https://item.rakuten.co.jp/kinoco/st-909,圏外,2
2026-02-10,ミニ財布 本革 レディース,https://item.rakuten.co.jp/kinoco/st-909,1,1
2026-02-10,ハンドバッグ レディース,https://item.rakuten.co.jp/kinoco/stb-152/,圏外,18
2026-02-10,二つ折り財布 レディース,https://item.rakuten.co.jp/kinoco/st-w1660/,圏外,圏外
2026-02-10,トートバッグ メンズ,https://item.rakuten.co.jp/kinoco/cs-23/,圏外,13
2026-02-10,ビジネスバッグ,https://item.rakuten.co.jp/kinoco/cs-23/,圏外,圏外
2026-02-10,サコッシュ メンズ,https://item.rakuten.co.jp/kinoco/cs-26/,圏外,14
2026-02-10,トートバッグ メンズ 本革,https://item.rakuten.co.jp/kinoco/cs-29/,圏外,9
2026-02-10,長財布 レディース 本革,https://item.rakuten.co.jp/kinoco/st-831w/,3,7
2026-02-10,二つ折り財布,https://item.rakuten.co.jp/kinoco/st-819/,4,22
2026-02-10,二つ折り財布メンズ,https://item.rakuten.co.jp/kinoco/st-819/,3,29
2026-02-10,トートバッグ メンズ,https://item.rakuten.co.jp/kinoco/st-820/,圏外,44
2026-02-10,トートバッグ メンズ 小さめ,https://item.rakuten.co.jp/kinoco/cs-25/,3,圏外
2026-02-10,長財布 メンズ,https://item.rakuten.co.jp/kinoco/wallet-04/,2,1
2026-02-10,財布 メンズ 二つ折り 本革,https://item.rakuten.co.jp/kinoco/cs-05/,4,15
2026-02-10,二つ折り財布 メンズ,https://item.rakuten.co.jp/kinoco/wallet-09/,圏外,1
2026-02-10,長財布 レディース,https://item.rakuten.co.jp/kinoco/st-w1675/,圏外,圏外
2026-02-10,長財布 レディース 大容量,https://item.rakuten.co.jp/kinoco/st-w1675/,圏外,圏外
2026-02-10,長財布 レディース 本革,https://item.rakuten.co.jp/kinoco/st-w1675/,5,圏外
2026-02-10,財布 レディース 二つ折,https://item.rakuten.co.jp/kinoco/st-w1090/,圏外,23
2026-02-10,財布 レディース 二つ折り かわいい,https://item.rakuten.co.jp/kinoco/st-w1090/,圏外,圏外
2026-02-10,ミニトートバッグ レディース,https://item.rakuten.co.jp/kinoco/82190s/,圏外,圏外
2026-02-10,ミニトート,https://item.rakuten.co.jp/kinoco/82190s/,圏外,圏外
2026-02-10,リュック メンズ 大容量,https://item.rakuten.co.jp/kinoco/cs-22/,圏外,圏外
2026-02-11,トートバッグ レディース,https://item.rakuten.co.jp/kinoco/square-tote,圏外,17
2026-02-11,サコッシュ メンズ,https://item.rakuten.co.jp/kinoco/b1404,1,8
2026-02-11,トートバッグ レディース,https://item.rakuten.co.jp/kinoco/82193,4,13
2026-02-11,三つ折り財布 レディース,https://item.rakuten.co.jp/kinoco/st-909,圏外,8
2026-02-11,三つ折り財布,https://item.rakuten.co.jp/kinoco/st-909,5,18
2026-02-11,ミニ財布 本革,https://item.rakuten.co.jp/kinoco/st-909,圏外,5
2026-02-11,ミニ財布 本革 レディース,https://item.rakuten.co.jp/kinoco/st-909,2,1
2026-02-11,ハンドバッグ レディース,https://item.rakuten.co.jp/kinoco/stb-152/,圏外,9
2026-02-11,二つ折り財布 レディース,https://item.rakuten.co.jp/kinoco/st-w1660/,圏外,圏外
2026-02-11,トートバッグ メンズ,https://item.rakuten.co.jp/kinoco/cs-23/,圏外,17
2026-02-11,ビジネスバッグ,https://item.rakuten.co.jp/kinoco/cs-23/,圏外,38
2026-02-11,サコッシュ メンズ,https://item.rakuten.co.jp/kinoco/cs-26/,圏外,17
2026-02-11,トートバッグ メンズ 本革,https://item.rakuten.co.jp/kinoco/cs-29/,4,8
2026-02-11,長財布 レディース 本革,https://item.rakuten.co.jp/kinoco/st-831w/,1,4
2026-02-11,二つ折り財布,https://item.rakuten.co.jp/kinoco/st-819/,3,19
2026-02-11,二つ折り財布メンズ,https://item.rakuten.co.jp/kinoco/st-819/,1,22
2026-02-11,トートバッグ メンズ,https://item.rakuten.co.jp/kinoco/st-820/,3,38
2026-02-11,トートバッグ メンズ 小さめ,https://item.rakuten.co.jp/kinoco/cs-25/,圏外,圏外
2026-02-11,長財布 メンズ,https://item.rakuten.co.jp/kinoco/wallet-04/,圏外,1
2026-02-11,財布 メンズ 二つ折り 本革,https://item.rakuten.co.jp/kinoco/cs-05/,圏外,38
2026-02-11,二つ折り財布 メンズ,https://item.rakuten.co.jp/kinoco/wallet-09/,圏外,3
2026-02-11,長財布 レディース,https://item.rakuten.co.jp/kinoco/st-w1675/,圏外,圏外
2026-02-11,長財布 レディース 大容量,https://item.rakuten.co.jp/kinoco/st-w1675/,圏外,圏外
2026-02-11,長財布 レディース 本革,https://item.rakuten.co.jp/kinoco/st-w1675/,3,圏外
2026-02-11,財布 レディース 二つ折,https://item.rakuten.co.jp/kinoco/st-w1090/,5,27
2026-02-11,財布 レディース 二つ折り かわいい,https://item.rakuten.co.jp/kinoco/st-w1090/,圏外,31
2026-02-11,ミニトートバッグ レディース,https://item.rakuten.co.jp/kinoco/82190s/,圏外,43
2026-02-11,ミニトート,https://item.rakuten.co.jp/kinoco/82190s/,圏外,圏外
2026-02-11,リュック メンズ 大容量,https://item.rakuten.co.jp/kinoco/cs-22/,圏外,圏外
2026-02-12,トートバッグ レディース,https://item.rakuten.co.jp/kinoco/square-tote,圏外,42
2026-02-12,サコッシュ メンズ,https://item.rakuten.co.jp/kinoco/b1404,2,6
2026-02-12,トートバッグ レディース,https://item.rakuten.co.jp/kinoco/82193,圏外,12
2026-02-12,三つ折り財布 レディース,https://item.rakuten.co.jp/kinoco/st-909,圏外,11
2026-02-12,三つ折り財布,https://item.rakuten.co.jp/kinoco/st-909,圏外,14
2026-02-12,ミニ財布 本革,https://item.rakuten.co.jp/kinoco/st-909,圏外,8
2026-02-12,ミニ財布 本革 レディース,https://item.rakuten.co.jp/kinoco/st-909,2,1
2026-02-12,ハンドバッグ レディース,https://item.rakuten.co.jp/kinoco/stb-152/,圏外,18
2026-02-12,二つ折り財布 レディース,https://item.rakuten.co.jp/kinoco/st-w1660/,圏外,圏外
2026-02-12,トートバッグ メンズ,https://item.rakuten.co.jp/kinoco/cs-23/,圏外,17
2026-02-12,ビジネスバッグ,https://item.rakuten.co.jp/kinoco/cs-23/,5,圏外
2026-02-12,サコッシュ メンズ,https://item.rakuten.co.jp/kinoco/cs-26/,圏外,17
2026-02-12,トートバッグ メンズ 本革,https://item.rakuten.co.jp/kinoco/cs-29/,圏外,11
2026-02-12,長財布 レディース 本革,https://item.rakuten.co.jp/kinoco/st-831w/,1,3
2026-02-12,二つ折り財布,https://item.rakuten.co.jp/kinoco/st-819/,圏外,17
2026-02-12,二つ折り財布メンズ,https://item.rakuten.co.jp/kinoco/st-819/,2,19
2026-02-12,トートバッグ メンズ,https://item.rakuten.co.jp/kinoco/st-820/,圏外,33
2026-02-12,トートバッグ メンズ 小さめ,https://item.rakuten.co.jp/kinoco/cs-25/,2,圏外
2026-02-12,長財布 メンズ,https://item.rakuten.co.jp/kinoco/wallet-04/,圏外,1
2026-02-12,財布 メンズ 二つ折り 本革,https://item.rakuten.co.jp/kinoco/cs-05/,3,42
2026-02-12,二つ折り財布 メンズ,https://item.rakuten.co.jp/kinoco/wallet-09/,圏外,2
2026-02-12,長財布 レディース,https://item.rakuten.co.jp/kinoco/st-w1675/,圏外,圏外
2026-02-12,長財布 レディース 大容量,https://item.rakuten.co.jp/kinoco/st-w1675/,5,圏外
2026-02-12,長財布 レディース 本革,https://item.rakuten.co.jp/kinoco/st-w1675/,5,圏外
2026-02-12,財布 レディース 二つ折,https://item.rakuten.co.jp/kinoco/st-w1090/,5,圏外
2026-02-12,財布 レディース 二つ折り かわいい,https://item.rakuten.co.jp/kinoco/st-w1090/,圏外,44
2026-02-12,ミニトートバッグ レディース,https://item.rakuten.co.jp/kinoco/82190s/,3,圏外
2026-02-12,ミニトート,https://item.rakuten.co.jp/kinoco/82190s/,3,圏外
2026-02-12,リュック メンズ 大容量,https://item.rakuten.co.jp/kinoco/cs-22/,圏外,圏外
2026-02-13,トートバッグ レディース,https://item.rakuten.co.jp/kinoco/square-tote,圏外,42
2026-02-13,サコッシュ メンズ,https://item.rakuten.co.jp/kinoco/b1404,2,6
2026-02-13,トートバッグ レディース,https://item.rakuten.co.jp/kinoco/82193,圏外,12
2026-02-13,三つ折り財布 レディース,https://item.rakuten.co.jp/kinoco/st-909,圏外,11
2026-02-13,三つ折り財布,https://item.rakuten.co.jp/kinoco/st-909,圏外,14
2026-02-13,ミニ財布 本革,https://item.rakuten.co.jp/kinoco/st-909,圏外,8
2026-02-13,ミニ財布 本革 レディース,https://item.rakuten.co.jp/kinoco/st-909,2,1
2026-02-13,ハンドバッグ レディース,https://item.rakuten.co.jp/kinoco/stb-152/,圏外,18
2026-02-13,二つ折り財布 レディース,https://item.rakuten.co.jp/kinoco/st-w1660/,圏外,圏外
2026-02-13,トートバッグ メンズ,https://item.rakuten.co.jp/kinoco/cs-23/,圏外,17
2026-02-13,ビジネスバッグ,https://item.rakuten.co.jp/kinoco/cs-23/,5,圏外
2026-02-13,サコッシュ メンズ,https://item.rakuten.co.jp/kinoco/cs-26/,圏外,17
2026-02-13,トートバッグ メンズ 本革,https://item.rakuten.co.jp/kinoco/cs-29/,圏外,11
2026-02-13,長財布 レディース 本革,https://item.rakuten.co.jp/kinoco/st-831w/,1,3
2026-02-13,二つ折り財布,https://item.rakuten.co.jp/kinoco/st-819/,圏外,17
2026-02-13,二つ折り財布メンズ,https://item.rakuten.co.jp/kinoco/st-819/,2,19
2026-02-13,トートバッグ メンズ,https://item.rakuten.co.jp/kinoco/st-820/,圏外,33
2026-02-13,トートバッグ メンズ 小さめ,https://item.rakuten.co.jp/kinoco/cs-25/,2,圏外
2026-02-13,長財布 メンズ,https://item.rakuten.co.jp/kinoco/wallet-04/,圏外,1
2026-02-13,財布 メンズ 二つ折り 本革,https://item.rakuten.co.jp/kinoco/cs-05/,3,42
2026-02-13,二つ折り財布 メンズ,https://item.rakuten.co.jp/kinoco/wallet-09/,圏外,2
2026-02-13,長財布 レディース,https://item.rakuten.co.jp/kinoco/st-w1675/,圏外,圏外
2026-02-13,長財布 レディース 大容量,https://item.rakuten.co.jp/kinoco/st-w1675/,5,圏外
2026-02-13,長財布 レディース 本革,https://item.rakuten.co.jp/kinoco/st-w1675/,5,圏外
2026-02-13,財布 レディース 二つ折,https://item.rakuten.co.jp/kinoco/st-w1090/,5,圏外
2026-02-13,財布 レディース 二つ折り かわいい,https://item.rakuten.co.jp/kinoco/st-w1090/,圏外,44
2026-02-13,ミニトートバッグ レディース,https://item.rakuten.co.jp/kinoco/82190s/,3,圏外
2026-02-13,ミニトート,https://item.rakuten.co.jp/kinoco/82190s/,3,圏外
2026-02-13,リュック メンズ 大容量,https://item.rakuten.co.jp/kinoco/cs-22/,圏外,圏外
2026-02-14,トートバッグ レディース,https://item.rakuten.co.jp/kinoco/square-tote,圏外,28
2026-02-14,サコッシュ メンズ,https://item.rakuten.co.jp/kinoco/b1404,1,7
2026-02-14,トートバッグ レディース,https://item.rakuten.co.jp/kinoco/82193,圏外,9
2026-02-14,三つ折り財布 レディース,https://item.rakuten.co.jp/kinoco/st-909,5,7
2026-02-14,三つ折り財布,https://item.rakuten.co.jp/kinoco/st-909,圏外,11
2026-02-14,ミニ財布 本革,https://item.rakuten.co.jp/kinoco/st-909,圏外,4
2026-02-14,ミニ財布 本革 レディース,https://item.rakuten.co.jp/kinoco/st-909,2,1
2026-02-14,ハンドバッグ レディース,https://item.rakuten.co.jp/kinoco/stb-152/,圏外,16
2026-02-14,二つ折り財布 レディース,https://item.rakuten.co.jp/kinoco/st-w1660/,圏外,圏外
2026-02-14,トートバッグ メンズ,https://item.rakuten.co.jp/kinoco/cs-23/,圏外,11
2026-02-14,ビジネスバッグ,https://item.rakuten.co.jp/kinoco/cs-23/,圏外,44
2026-02-14,サコッシュ メンズ,https://item.rakuten.co.jp/kinoco/cs-26/,圏外,20
2026-02-14,トートバッグ メンズ 本革,https://item.rakuten.co.jp/kinoco/cs-29/,圏外,17
2026-02-14,長財布 レディース 本革,https://item.rakuten.co.jp/kinoco/st-831w/,2,4
2026-02-14,二つ折り財布,https://item.rakuten.co.jp/kinoco/st-819/,5,18
2026-02-14,二つ折り財布メンズ,https://item.rakuten.co.jp/kinoco/st-819/,4,30
2026-02-14,トートバッグ メンズ,https://item.rakuten.co.jp/kinoco/st-820/,圏外,30
2026-02-14,トートバッグ メンズ 小さめ,https://item.rakuten.co.jp/kinoco/cs-25/,2,圏外
2026-02-14,長財布 メンズ,https://item.rakuten.co.jp/kinoco/wallet-04/,3,1
2026-02-14,財布 メンズ 二つ折り 本革,https://item.rakuten.co.jp/kinoco/cs-05/,3,26
2026-02-14,二つ折り財布 メンズ,https://item.rakuten.co.jp/kinoco/wallet-09/,圏外,3
2026-02-14,長財布 レディース,https://item.rakuten.co.jp/kinoco/st-w1675/,圏外,圏外
2026-02-14,長財布 レディース 大容量,https://item.rakuten.co.jp/kinoco/st-w1675/,圏外,圏外
2026-02-14,長財布 レディース 本革,https://item.rakuten.co.jp/kinoco/st-w1675/,圏外,圏外
2026-02-14,財布 レディース 二つ折,https://item.rakuten.co.jp/kinoco/st-w1090/,4,42
2026-02-14,財布 レディース 二つ折り かわいい,https://item.rakuten.co.jp/kinoco/st-w1090/,圏外,圏外
2026-02-14,ミニトートバッグ レディース,https://item.rakuten.co.jp/kinoco/82190s/,4,圏外
2026-02-14,ミニトート,https://item.rakuten.co.jp/kinoco/82190s/,3,圏外
2026-02-14,リュック メンズ 大容量,https://item.rakuten.co.jp/kinoco/cs-22/,圏外,圏外
2026-02-15,トートバッグ レディース,https://item.rakuten.co.jp/kinoco/square-tote,圏外,5
2026-02-15,サコッシュ メンズ,https://item.rakuten.co.jp/kinoco/b1404,1,8
2026-02-15,トートバッグ レディース,https://item.rakuten.co.jp/kinoco/82193,圏外,1
2026-02-15,三つ折り財布 レディース,https://item.rakuten.co.jp/kinoco/st-909,5,5
2026-02-15,三つ折り財布,https://item.rakuten.co.jp/kinoco/st-909,5,11
2026-02-15,ミニ財布 本革,https://item.rakuten.co.jp/kinoco/st-909,圏外,4
2026-02-15,ミニ財布 本革 レディース,https://item.rakuten.co.jp/kinoco/st-909,3,1
2026-02-15,ハンドバッグ レディース,https://item.rakuten.co.jp/kinoco/stb-152/,圏外,12
2026-02-15,二つ折り財布 レディース,https://item.rakuten.co.jp/kinoco/st-w1660/,圏外,圏外
2026-02-15,トートバッグ メンズ,https://item.rakuten.co.jp/kinoco/cs-23/,圏外,12
2026-02-15,ビジネスバッグ,https://item.rakuten.co.jp/kinoco/cs-23/,圏外,35
2026-02-15,サコッシュ メンズ,https://item.rakuten.co.jp/kinoco/cs-26/,圏外,20
2026-02-15,トートバッグ メンズ 本革,https://item.rakuten.co.jp/kinoco/cs-29/,圏外,14
2026-02-15,長財布 レディース 本革,https://item.rakuten.co.jp/kinoco/st-831w/,2,6
2026-02-15,二つ折り財布,https://item.rakuten.co.jp/kinoco/st-819/,4,18
2026-02-15,二つ折り財布メンズ,https://item.rakuten.co.jp/kinoco/st-819/,4,26
2026-02-15,トートバッグ メンズ,https://item.rakuten.co.jp/kinoco/st-820/,3,27
2026-02-15,トートバッグ メンズ 小さめ,https://item.rakuten.co.jp/kinoco/cs-25/,3,圏外
2026-02-15,長財布 メンズ,https://item.rakuten.co.jp/kinoco/wallet-04/,1,3
2026-02-15,財布 メンズ 二つ折り 本革,https://item.rakuten.co.jp/kinoco/cs-05/,5,15
2026-02-15,二つ折り財布 メンズ,https://item.rakuten.co.jp/kinoco/wallet-09/,圏外,3
2026-02-15,長財布 レディース,https://item.rakuten.co.jp/kinoco/st-w1675/,圏外,圏外
2026-02-15,長財布 レディース 大容量,https://item.rakuten.co.jp/kinoco/st-w1675/,圏外,圏外
2026-02-15,長財布 レディース 本革,https://item.rakuten.co.jp/kinoco/st-w1675/,5,圏外
2026-02-15,財布 レディース 二つ折,https://item.rakuten.co.jp/kinoco/st-w1090/,5,圏外
2026-02-15,財布 レディース 二つ折り かわいい,https://item.rakuten.co.jp/kinoco/st-w1090/,圏外,圏外
2026-02-15,ミニトートバッグ レディース,https://item.rakuten.co.jp/kinoco/82190s/,3,圏外
2026-02-15,ミニトート,https://item.rakuten.co.jp/kinoco/82190s/,4,圏外
2026-02-15,リュック メンズ 大容量,https://item.rakuten.co.jp/kinoco/cs-22/,圏外,圏外
2026-02-16,トートバッグ レディース,https://item.rakuten.co.jp/kinoco/square-tote,圏外,13
2026-02-16,サコッシュ メンズ,https://item.rakuten.co.jp/kinoco/b1404,1,9
2026-02-16,トートバッグ レディース,https://item.rakuten.co.jp/kinoco/82193,圏外,7
2026-02-16,三つ折り財布 レディース,https://item.rakuten.co.jp/kinoco/st-909,3,7
2026-02-16,三つ折り財布,https://item.rakuten.co.jp/kinoco/st-909,圏外,9
2026-02-16,ミニ財布 本革,https://item.rakuten.co.jp/kinoco/st-909,圏外,7
2026-02-16,ミニ財布 本革 レディース,https://item.rakuten.co.jp/kinoco/st-909,1,1
2026-02-16,ハンドバッグ レディース,https://item.rakuten.co.jp/kinoco/stb-152/,圏外,19
2026-02-16,二つ折り財布 レディース,https://item.rakuten.co.jp/kinoco/st-w1660/,圏外,圏外
2026-02-16,トートバッグ メンズ,https://item.rakuten.co.jp/kinoco/cs-23/,圏外,12
2026-02-16,ビジネスバッグ,https://item.rakuten.co.jp/kinoco/cs-23/,圏外,39
2026-02-16,サコッシュ メンズ,https://item.rakuten.co.jp/kinoco/cs-26/,圏外,24
2026-02-16,トートバッグ メンズ 本革,https://item.rakuten.co.jp/kinoco/cs-29/,圏外,13
2026-02-16,長財布 レディース 本革,https://item.rakuten.co.jp/kinoco/st-831w/,2,16
2026-02-16,二つ折り財布,https://item.rakuten.co.jp/kinoco/st-819/,4,17
2026-02-16,二つ折り財布メンズ,https://item.rakuten.co.jp/kinoco/st-819/,5,9
2026-02-16,トートバッグ メンズ,https://item.rakuten.co.jp/kinoco/st-820/,4,33
2026-02-16,トートバッグ メンズ 小さめ,https://item.rakuten.co.jp/kinoco/cs-25/,2,圏外
2026-02-16,長財布 メンズ,https://item.rakuten.co.jp/kinoco/wallet-04/,2,1
2026-02-16,財布 メンズ 二つ折り 本革,https://item.rakuten.co.jp/kinoco/cs-05/,5,7
2026-02-16,二つ折り財布 メンズ,https://item.rakuten.co.jp/kinoco/wallet-09/,圏外,2
2026-02-16,長財布 レディース,https://item.rakuten.co.jp/kinoco/st-w1675/,圏外,圏外
2026-02-16,長財布 レディース 大容量,https://item.rakuten.co.jp/kinoco/st-w1675/,圏外,圏外
2026-02-16,長財布 レディース 本革,https://item.rakuten.co.jp/kinoco/st-w1675/,4,圏外
2026-02-16,財布 レディース 二つ折,https://item.rakuten.co.jp/kinoco/st-w1090/,4,22
2026-02-16,財布 レディース 二つ折り かわいい,https://item.rakuten.co.jp/kinoco/st-w1090/,圏外,41
2026-02-16,ミニトートバッグ レディース,https://item.rakuten.co.jp/kinoco/82190s/,1,圏外
2026-02-16,ミニトート,https://item.rakuten.co.jp/kinoco/82190s/,2,圏外
2026-02-16,リュック メンズ 大容量,https://item.rakuten.co.jp/kinoco/cs-22/,圏外,圏外
2026-02-17,トートバッグ レディース,https://item.rakuten.co.jp/kinoco/square-tote,圏外,18
2026-02-17,サコッシュ メンズ,https://item.rakuten.co.jp/kinoco/b1404,1,7
2026-02-17,トートバッグ レディース,https://item.rakuten.co.jp/kinoco/82193,圏外,6
2026-02-17,三つ折り財布 レディース,https://item.rakuten.co.jp/kinoco/st-909,2,8
2026-02-17,三つ折り財布,https://item.rakuten.co.jp/kinoco/st-909,5,11
2026-02-17,ミニ財布 本革,https://item.rakuten.co.jp/kinoco/st-909,圏外,6
2026-02-17,ミニ財布 本革 レディース,https://item.rakuten.co.jp/kinoco/st-909,1,1
2026-02-17,ハンドバッグ レディース,https://item.rakuten.co.jp/kinoco/stb-152/,圏外,23
2026-02-17,二つ折り財布 レディース,https://item.rakuten.co.jp/kinoco/st-w1660/,圏外,39
2026-02-17,トートバッグ メンズ,https://item.rakuten.co.jp/kinoco/cs-23/,圏外,14
2026-02-17,ビジネスバッグ,https://item.rakuten.co.jp/kinoco/cs-23/,4,37
2026-02-17,サコッシュ メンズ,https://item.rakuten.co.jp/kinoco/cs-26/,圏外,17
2026-02-17,トートバッグ メンズ 本革,https://item.rakuten.co.jp/kinoco/cs-29/,2,16
2026-02-17,長財布 レディース 本革,https://item.rakuten.co.jp/kinoco/st-831w/,2,13
2026-02-17,二つ折り財布,https://item.rakuten.co.jp/kinoco/st-819/,4,18
2026-02-17,二つ折り財布メンズ,https://item.rakuten.co.jp/kinoco/st-819/,3,15
2026-02-17,トートバッグ メンズ,https://item.rakuten.co.jp/kinoco/st-820/,2,30
2026-02-17,トートバッグ メンズ 小さめ,https://item.rakuten.co.jp/kinoco/cs-25/,2,圏外
2026-02-17,長財布 メンズ,https://item.rakuten.co.jp/kinoco/wallet-04/,2,6
2026-02-17,財布 メンズ 二つ折り 本革,https://item.rakuten.co.jp/kinoco/cs-05/,3,23
2026-02-17,二つ折り財布 メンズ,https://item.rakuten.co.jp/kinoco/wallet-09/,圏外,2
2026-02-17,長財布 レディース,https://item.rakuten.co.jp/kinoco/st-w1675/,圏外,圏外
2026-02-17,長財布 レディース 大容量,https://item.rakuten.co.jp/kinoco/st-w1675/,圏外,圏外
2026-02-17,長財布 レディース 本革,https://item.rakuten.co.jp/kinoco/st-w1675/,5,圏外
2026-02-17,財布 レディース 二つ折,https://item.rakuten.co.jp/kinoco/st-w1090/,2,37
2026-02-17,財布 レディース 二つ折り かわいい,https://item.rakuten.co.jp/kinoco/st-w1090/,圏外,圏外
2026-02-17,ミニトートバッグ レディース,https://item.rakuten.co.jp/kinoco/82190s/,1,圏外
2026-02-17,ミニトート,https://item.rakuten.co.jp/kinoco/82190s/,3,圏外
2026-02-17,リュック メンズ 大容量,https://item.rakuten.co.jp/kinoco/cs-22/,圏外,圏外
2026-02-18,トートバッグ レディース,https://item.rakuten.co.jp/kinoco/square-tote,圏外,11
2026-02-18,サコッシュ メンズ,https://item.rakuten.co.jp/kinoco/b1404,1,8
2026-02-18,トートバッグ レディース,https://item.rakuten.co.jp/kinoco/82193,圏外,6
2026-02-18,三つ折り財布 レディース,https://item.rakuten.co.jp/kinoco/st-909,4,12
2026-02-18,三つ折り財布,https://item.rakuten.co.jp/kinoco/st-909,5,12
2026-02-18,ミニ財布 本革,https://item.rakuten.co.jp/kinoco/st-909,圏外,8
2026-02-18,ミニ財布 本革 レディース,https://item.rakuten.co.jp/kinoco/st-909,1,1
2026-02-18,ハンドバッグ レディース,https://item.rakuten.co.jp/kinoco/stb-152/,圏外,26
2026-02-18,二つ折り財布 レディース,https://item.rakuten.co.jp/kinoco/st-w1660/,圏外,圏外
2026-02-18,トートバッグ メンズ,https://item.rakuten.co.jp/kinoco/cs-23/,圏外,19
2026-02-18,ビジネスバッグ,https://item.rakuten.co.jp/kinoco/cs-23/,圏外,圏外
2026-02-18,サコッシュ メンズ,https://item.rakuten.co.jp/kinoco/cs-26/,圏外,16
2026-02-18,トートバッグ メンズ 本革,https://item.rakuten.co.jp/kinoco/cs-29/,3,17
2026-02-18,長財布 レディース 本革,https://item.rakuten.co.jp/kinoco/st-831w/,圏外,22
2026-02-18,二つ折り財布,https://item.rakuten.co.jp/kinoco/st-819/,圏外,15
2026-02-18,二つ折り財布メンズ,https://item.rakuten.co.jp/kinoco/st-819/,3,26
2026-02-18,トートバッグ メンズ,https://item.rakuten.co.jp/kinoco/st-820/,1,32
2026-02-18,トートバッグ メンズ 小さめ,https://item.rakuten.co.jp/kinoco/cs-25/,3,圏外
2026-02-18,長財布 メンズ,https://item.rakuten.co.jp/kinoco/wallet-04/,3,4
2026-02-18,財布 メンズ 二つ折り 本革,https://item.rakuten.co.jp/kinoco/cs-05/,5,29
2026-02-18,二つ折り財布 メンズ,https://item.rakuten.co.jp/kinoco/wallet-09/,圏外,3
2026-02-18,長財布 レディース,https://item.rakuten.co.jp/kinoco/st-w1675/,圏外,圏外
2026-02-18,長財布 レディース 大容量,https://item.rakuten.co.jp/kinoco/st-w1675/,圏外,圏外
2026-02-18,長財布 レディース 本革,https://item.rakuten.co.jp/kinoco/st-w1675/,圏外,圏外
2026-02-18,財布 レディース 二つ折,https://item.rakuten.co.jp/kinoco/st-w1090/,5,20
2026-02-18,財布 レディース 二つ折り かわいい,https://item.rakuten.co.jp/kinoco/st-w1090/,圏外,40
2026-02-18,ミニトートバッグ レディース,https://item.rakuten.co.jp/kinoco/82190s/,3,圏外
2026-02-18,ミニトート,https://item.rakuten.co.jp/kinoco/82190s/,2,圏外
2026-02-18,リュック メンズ 大容量,https://item.rakuten.co.jp/kinoco/cs-22/,圏外,圏外
2026-02-19,トートバッグ レディース,https://item.rakuten.co.jp/kinoco/square-tote,圏外,18
2026-02-19,サコッシュ メンズ,https://item.rakuten.co.jp/kinoco/b1404,1,8
2026-02-19,トートバッグ レディース,https://item.rakuten.co.jp/kinoco/82193,圏外,11
2026-02-19,三つ折り財布 レディース,https://item.rakuten.co.jp/kinoco/st-909,圏外,9
2026-02-19,三つ折り財布,https://item.rakuten.co.jp/kinoco/st-909,圏外,12
2026-02-19,ミニ財布 本革,https://item.rakuten.co.jp/kinoco/st-909,圏外,8
2026-02-19,ミニ財布 本革 レディース,https://item.rakuten.co.jp/kinoco/st-909,1,1
2026-02-19,ハンドバッグ レディース,https://item.rakuten.co.jp/kinoco/stb-152/,圏外,26
2026-02-19,二つ折り財布 レディース,https://item.rakuten.co.jp/kinoco/st-w1660/,圏外,圏外
2026-02-19,トートバッグ メンズ,https://item.rakuten.co.jp/kinoco/cs-23/,圏外,24
2026-02-19,ビジネスバッグ,https://item.rakuten.co.jp/kinoco/cs-23/,圏外,圏外
2026-02-19,サコッシュ メンズ,https://item.rakuten.co.jp/kinoco/cs-26/,圏外,9
2026-02-19,トートバッグ メンズ 本革,https://item.rakuten.co.jp/kinoco/cs-29/,圏外,14
2026-02-19,長財布 レディース 本革,https://item.rakuten.co.jp/kinoco/st-831w/,2,20
2026-02-19,二つ折り財布,https://item.rakuten.co.jp/kinoco/st-819/,圏外,11
2026-02-19,二つ折り財布メンズ,https://item.rakuten.co.jp/kinoco/st-819/,3,13
2026-02-19,トートバッグ メンズ,https://item.rakuten.co.jp/kinoco/st-820/,5,20
2026-02-19,トートバッグ メンズ 小さめ,https://item.rakuten.co.jp/kinoco/cs-25/,3,圏外
2026-02-19,長財布 メンズ,https://item.rakuten.co.jp/kinoco/wallet-04/,3,4
2026-02-19,財布 メンズ 二つ折り 本革,https://item.rakuten.co.jp/kinoco/cs-05/,5,27
2026-02-19,二つ折り財布 メンズ,https://item.rakuten.co.jp/kinoco/wallet-09/,圏外,3
2026-02-19,長財布 レディース,https://item.rakuten.co.jp/kinoco/st-w1675/,圏外,圏外
2026-02-19,長財布 レディース 大容量,https://item.rakuten.co.jp/kinoco/st-w1675/,圏外,圏外
2026-02-19,長財布 レディース 本革,https://item.rakuten.co.jp/kinoco/st-w1675/,圏外,圏外
2026-02-19,財布 レディース 二つ折,https://item.rakuten.co.jp/kinoco/st-w1090/,4,24
2026-02-19,財布 レディース 二つ折り かわいい,https://item.rakuten.co.jp/kinoco/st-w1090/,圏外,39
2026-02-19,ミニトートバッグ レディース,https://item.rakuten.co.jp/kinoco/82190s/,2,圏外
2026-02-19,ミニトート,https://item.rakuten.co.jp/kinoco/82190s/,4,圏外
2026-02-19,リュック メンズ 大容量,https://item.rakuten.co.jp/kinoco/cs-22/,圏外,圏外
2026-02-20,トートバッグ レディース,https://item.rakuten.co.jp/kinoco/square-tote,圏外,7
2026-02-20,サコッシュ メンズ,https://item.rakuten.co.jp/kinoco/b1404,3,4
2026-02-20,トートバッグ レディース,https://item.rakuten.co.jp/kinoco/82193,圏外,9
2026-02-20,三つ折り財布 レディース,https://item.rakuten.co.jp/kinoco/st-909,4,7
2026-02-20,三つ折り財布,https://item.rakuten.co.jp/kinoco/st-909,圏外,10
2026-02-20,ミニ財布 本革,https://item.rakuten.co.jp/kinoco/st-909,圏外,4
2026-02-20,ミニ財布 本革 レディース,https://item.rakuten.co.jp/kinoco/st-909,2,1
2026-02-20,ハンドバッグ レディース,https://item.rakuten.co.jp/kinoco/stb-152/,圏外,8
2026-02-20,二つ折り財布 レディース,https://item.rakuten.co.jp/kinoco/st-w1660/,圏外,23
2026-02-20,トートバッグ メンズ,https://item.rakuten.co.jp/kinoco/cs-23/,圏外,19
2026-02-20,ビジネスバッグ,https://item.rakuten.co.jp/kinoco/cs-23/,圏外,38
2026-02-20,サコッシュ メンズ,https://item.rakuten.co.jp/kinoco/cs-26/,圏外,9
2026-02-20,トートバッグ メンズ 本革,https://item.rakuten.co.jp/kinoco/cs-29/,圏外,4
2026-02-20,長財布 レディース 本革,https://item.rakuten.co.jp/kinoco/st-831w/,4,4
2026-02-20,二つ折り財布,https://item.rakuten.co.jp/kinoco/st-819/,圏外,5
2026-02-20,二つ折り財布メンズ,https://item.rakuten.co.jp/kinoco/st-819/,5,5
2026-02-20,トートバッグ メンズ,https://item.rakuten.co.jp/kinoco/st-820/,圏外,14
2026-02-20,トートバッグ メンズ 小さめ,https://item.rakuten.co.jp/kinoco/cs-25/,3,圏外
2026-02-20,長財布 メンズ,https://item.rakuten.co.jp/kinoco/wallet-04/,2,1
2026-02-20,財布 メンズ 二つ折り 本革,https://item.rakuten.co.jp/kinoco/cs-05/,圏外,17
2026-02-20,二つ折り財布 メンズ,https://item.rakuten.co.jp/kinoco/wallet-09/,圏外,3
2026-02-20,長財布 レディース,https://item.rakuten.co.jp/kinoco/st-w1675/,圏外,圏外
2026-02-20,長財布 レディース 大容量,https://item.rakuten.co.jp/kinoco/st-w1675/,圏外,圏外
2026-02-20,長財布 レディース 本革,https://item.rakuten.co.jp/kinoco/st-w1675/,圏外,圏外
2026-02-20,財布 レディース 二つ折,https://item.rakuten.co.jp/kinoco/st-w1090/,圏外,18
2026-02-20,財布 レディース 二つ折り かわいい,https://item.rakuten.co.jp/kinoco/st-w1090/,圏外,30
2026-02-20,ミニトートバッグ レディース,https://item.rakuten.co.jp/kinoco/82190s/,2,43
2026-02-20,ミニトート,https://item.rakuten.co.jp/kinoco/82190s/,4,圏外
2026-02-20,リュック メンズ 大容量,https://item.rakuten.co.jp/kinoco/cs-22/,圏外,圏外
2026-02-21,トートバッグ レディース,https://item.rakuten.co.jp/kinoco/square-tote,圏外,10
2026-02-21,サコッシュ メンズ,https://item.rakuten.co.jp/kinoco/b1404,4,7
2026-02-21,トートバッグ レディース,https://item.rakuten.co.jp/kinoco/82193,圏外,8
2026-02-21,三つ折り財布 レディース,https://item.rakuten.co.jp/kinoco/st-909,圏外,6
2026-02-21,三つ折り財布,https://item.rakuten.co.jp/kinoco/st-909,圏外,8
2026-02-21,ミニ財布 本革,https://item.rakuten.co.jp/kinoco/st-909,圏外,6
2026-02-21,ミニ財布 本革 レディース,https://item.rakuten.co.jp/kinoco/st-909,2,1
2026-02-21,ハンドバッグ レディース,https://item.rakuten.co.jp/kinoco/stb-152/,圏外,10
2026-02-21,二つ折り財布 レディース,https://item.rakuten.co.jp/kinoco/st-w1660/,圏外,圏外
2026-02-21,トートバッグ メンズ,https://item.rakuten.co.jp/kinoco/cs-23/,圏外,20
2026-02-21,ビジネスバッグ,https://item.rakuten.co.jp/kinoco/cs-23/,圏外,圏外
2026-02-21,サコッシュ メンズ,https://item.rakuten.co.jp/kinoco/cs-26/,圏外,10
2026-02-21,トートバッグ メンズ 本革,https://item.rakuten.co.jp/kinoco/cs-29/,5,7
2026-02-21,長財布 レディース 本革,https://item.rakuten.co.jp/kinoco/st-831w/,3,4
2026-02-21,二つ折り財布,https://item.rakuten.co.jp/kinoco/st-819/,圏外,3
2026-02-21,二つ折り財布メンズ,https://item.rakuten.co.jp/kinoco/st-819/,3,8
2026-02-21,トートバッグ メンズ,https://item.rakuten.co.jp/kinoco/st-820/,1,10
2026-02-21,トートバッグ メンズ 小さめ,https://item.rakuten.co.jp/kinoco/cs-25/,3,圏外
2026-02-21,長財布 メンズ,https://item.rakuten.co.jp/kinoco/wallet-04/,3,3
2026-02-21,財布 メンズ 二つ折り 本革,https://item.rakuten.co.jp/kinoco/cs-05/,圏外,33
2026-02-21,二つ折り財布 メンズ,https://item.rakuten.co.jp/kinoco/wallet-09/,圏外,3
2026-02-21,長財布 レディース,https://item.rakuten.co.jp/kinoco/st-w1675/,圏外,圏外
2026-02-21,長財布 レディース 大容量,https://item.rakuten.co.jp/kinoco/st-w1675/,圏外,圏外
2026-02-21,長財布 レディース 本革,https://item.rakuten.co.jp/kinoco/st-w1675/,圏外,圏外
2026-02-21,財布 レディース 二つ折,https://item.rakuten.co.jp/kinoco/st-w1090/,圏外,15
2026-02-21,財布 レディース 二つ折り かわいい,https://item.rakuten.co.jp/kinoco/st-w1090/,圏外,28
2026-02-21,ミニトートバッグ レディース,https://item.rakuten.co.jp/kinoco/82190s/,2,42
2026-02-21,ミニトート,https://item.rakuten.co.jp/kinoco/82190s/,4,圏外
2026-02-21,リュック メンズ 大容量,https://item.rakuten.co.jp/kinoco/cs-22/,圏外,圏外
2026-02-22,トートバッグ レディース,https://item.rakuten.co.jp/kinoco/square-tote,圏外,11
2026-02-22,サコッシュ メンズ,https://item.rakuten.co.jp/kinoco/b1404,1,6
2026-02-22,トートバッグ レディース,https://item.rakuten.co.jp/kinoco/82193,圏外,5
2026-02-22,三つ折り財布 レディース,https://item.rakuten.co.jp/kinoco/st-909,5,7
2026-02-22,三つ折り財布,https://item.rakuten.co.jp/kinoco/st-909,圏外,9
2026-02-22,ミニ財布 本革,https://item.rakuten.co.jp/kinoco/st-909,圏外,6
2026-02-22,ミニ財布 本革 レディース,https://item.rakuten.co.jp/kinoco/st-909,2,1
2026-02-22,ハンドバッグ レディース,https://item.rakuten.co.jp/kinoco/stb-152/,圏外,11
2026-02-22,二つ折り財布 レディース,https://item.rakuten.co.jp/kinoco/st-w1660/,圏外,圏外
2026-02-22,トートバッグ メンズ,https://item.rakuten.co.jp/kinoco/cs-23/,圏外,12
2026-02-22,ビジネスバッグ,https://item.rakuten.co.jp/kinoco/cs-23/,5,37
2026-02-22,サコッシュ メンズ,https://item.rakuten.co.jp/kinoco/cs-26/,圏外,15
2026-02-22,トートバッグ メンズ 本革,https://item.rakuten.co.jp/kinoco/cs-29/,圏外,9
2026-02-22,長財布 レディース 本革,https://item.rakuten.co.jp/kinoco/st-831w/,3,7
2026-02-22,二つ折り財布,https://item.rakuten.co.jp/kinoco/st-819/,圏外,11
2026-02-22,二つ折り財布メンズ,https://item.rakuten.co.jp/kinoco/st-819/,3,14
2026-02-22,トートバッグ メンズ,https://item.rakuten.co.jp/kinoco/st-820/,1,16
2026-02-22,トートバッグ メンズ 小さめ,https://item.rakuten.co.jp/kinoco/cs-25/,2,圏外
2026-02-22,長財布 メンズ,https://item.rakuten.co.jp/kinoco/wallet-04/,3,1
2026-02-22,財布 メンズ 二つ折り 本革,https://item.rakuten.co.jp/kinoco/cs-05/,圏外,23
2026-02-22,二つ折り財布 メンズ,https://item.rakuten.co.jp/kinoco/wallet-09/,圏外,3
2026-02-22,長財布 レディース,https://item.rakuten.co.jp/kinoco/st-w1675/,圏外,39
2026-02-22,長財布 レディース 大容量,https://item.rakuten.co.jp/kinoco/st-w1675/,圏外,圏外
2026-02-22,長財布 レディース 本革,https://item.rakuten.co.jp/kinoco/st-w1675/,圏外,圏外
2026-02-22,財布 レディース 二つ折,https://item.rakuten.co.jp/kinoco/st-w1090/,5,19
2026-02-22,財布 レディース 二つ折り かわいい,https://item.rakuten.co.jp/kinoco/st-w1090/,圏外,35
2026-02-22,ミニトートバッグ レディース,https://item.rakuten.co.jp/kinoco/82190s/,2,42
2026-02-22,ミニトート,https://item.rakuten.co.jp/kinoco/82190s/,3,圏外
2026-02-22,リュック メンズ 大容量,https://item.rakuten.co.jp/kinoco/cs-22/,圏外,圏外
2026-02-23,トートバッグ レディース,https://item.rakuten.co.jp/kinoco/square-tote,圏外,11
2026-02-23,サコッシュ メンズ,https://item.rakuten.co.jp/kinoco/b1404,1,7
2026-02-23,トートバッグ レディース,https://item.rakuten.co.jp/kinoco/82193,圏外,8
2026-02-23,三つ折り財布 レディース,https://item.rakuten.co.jp/kinoco/st-909,4,7
2026-02-23,三つ折り財布,https://item.rakuten.co.jp/kinoco/st-909,圏外,12
2026-02-23,ミニ財布 本革,https://item.rakuten.co.jp/kinoco/st-909,圏外,8
2026-02-23,ミニ財布 本革 レディース,https://item.rakuten.co.jp/kinoco/st-909,2,1
2026-02-23,ハンドバッグ レディース,https://item.rakuten.co.jp/kinoco/stb-152/,圏外,27
2026-02-23,二つ折り財布 レディース,https://item.rakuten.co.jp/kinoco/st-w1660/,圏外,圏外
2026-02-23,トートバッグ メンズ,https://item.rakuten.co.jp/kinoco/cs-23/,圏外,25
2026-02-23,ビジネスバッグ,https://item.rakuten.co.jp/kinoco/cs-23/,4,圏外
2026-02-23,サコッシュ メンズ,https://item.rakuten.co.jp/kinoco/cs-26/,3,14
2026-02-23,トートバッグ メンズ 本革,https://item.rakuten.co.jp/kinoco/cs-29/,5,10
2026-02-23,長財布 レディース 本革,https://item.rakuten.co.jp/kinoco/st-831w/,3,15
2026-02-23,二つ折り財布,https://item.rakuten.co.jp/kinoco/st-819/,圏外,14
2026-02-23,二つ折り財布メンズ,https://item.rakuten.co.jp/kinoco/st-819/,3,18
2026-02-23,トートバッグ メンズ,https://item.rakuten.co.jp/kinoco/st-820/,1,23
2026-02-23,トートバッグ メンズ 小さめ,https://item.rakuten.co.jp/kinoco/cs-25/,2,圏外
2026-02-23,長財布 メンズ,https://item.rakuten.co.jp/kinoco/wallet-04/,3,3
2026-02-23,財布 メンズ 二つ折り 本革,https://item.rakuten.co.jp/kinoco/cs-05/,圏外,30
2026-02-23,二つ折り財布 メンズ,https://item.rakuten.co.jp/kinoco/wallet-09/,圏外,3
2026-02-23,長財布 レディース,https://item.rakuten.co.jp/kinoco/st-w1675/,圏外,圏外
2026-02-23,長財布 レディース 大容量,https://item.rakuten.co.jp/kinoco/st-w1675/,圏外,圏外
2026-02-23,長財布 レディース 本革,https://item.rakuten.co.jp/kinoco/st-w1675/,5,圏外
2026-02-23,財布 レディース 二つ折,https://item.rakuten.co.jp/kinoco/st-w1090/,5,19
2026-02-23,財布 レディース 二つ折り かわいい,https://item.rakuten.co.jp/kinoco/st-w1090/,圏外,44
2026-02-23,ミニトートバッグ レディース,https://item.rakuten.co.jp/kinoco/82190s/,1,圏外
2026-02-23,ミニトート,https://item.rakuten.co.jp/kinoco/82190s/,4,圏外
2026-02-23,リュック メンズ 大容量,https://item.rakuten.co.jp/kinoco/cs-22/,圏外,圏外
2026-02-24,トートバッグ レディース,https://item.rakuten.co.jp/kinoco/square-tote,圏外,15
2026-02-24,サコッシュ メンズ,https://item.rakuten.co.jp/kinoco/b1404,1,7
2026-02-24,トートバッグ レディース,https://item.rakuten.co.jp/kinoco/82193,圏外,9
2026-02-24,三つ折り財布 レディース,https://item.rakuten.co.jp/kinoco/st-909,4,8
2026-02-24,三つ折り財布,https://item.rakuten.co.jp/kinoco/st-909,圏外,14
2026-02-24,ミニ財布 本革,https://item.rakuten.co.jp/kinoco/st-909,圏外,7
2026-02-24,ミニ財布 本革 レディース,https://item.rakuten.co.jp/kinoco/st-909,2,1
2026-02-24,ハンドバッグ レディース,https://item.rakuten.co.jp/kinoco/stb-152/,圏外,20
2026-02-24,二つ折り財布 レディース,https://item.rakuten.co.jp/kinoco/st-w1660/,圏外,圏外
2026-02-24,トートバッグ メンズ,https://item.rakuten.co.jp/kinoco/cs-23/,圏外,26
2026-02-24,ビジネスバッグ,https://item.rakuten.co.jp/kinoco/cs-23/,2,圏外
2026-02-24,サコッシュ メンズ,https://item.rakuten.co.jp/kinoco/cs-26/,5,19
2026-02-24,トートバッグ メンズ 本革,https://item.rakuten.co.jp/kinoco/cs-29/,1,11
2026-02-24,長財布 レディース 本革,https://item.rakuten.co.jp/kinoco/st-831w/,3,10
2026-02-24,二つ折り財布,https://item.rakuten.co.jp/kinoco/st-819/,圏外,14
2026-02-24,二つ折り財布メンズ,https://item.rakuten.co.jp/kinoco/st-819/,3,19
2026-02-24,トートバッグ メンズ,https://item.rakuten.co.jp/kinoco/st-820/,1,22
2026-02-24,トートバッグ メンズ 小さめ,https://item.rakuten.co.jp/kinoco/cs-25/,3,圏外
2026-02-24,長財布 メンズ,https://item.rakuten.co.jp/kinoco/wallet-04/,2,3
2026-02-24,財布 メンズ 二つ折り 本革,https://item.rakuten.co.jp/kinoco/cs-05/,5,33
2026-02-24,二つ折り財布 メンズ,https://item.rakuten.co.jp/kinoco/wallet-09/,圏外,4
2026-02-24,長財布 レディース,https://item.rakuten.co.jp/kinoco/st-w1675/,圏外,圏外
2026-02-24,長財布 レディース 大容量,https://item.rakuten.co.jp/kinoco/st-w1675/,圏外,圏外
2026-02-24,長財布 レディース 本革,https://item.rakuten.co.jp/kinoco/st-w1675/,5,圏外
2026-02-24,財布 レディース 二つ折,https://item.rakuten.co.jp/kinoco/st-w1090/,圏外,17
2026-02-24,財布 レディース 二つ折り かわいい,https://item.rakuten.co.jp/kinoco/st-w1090/,5,34
2026-02-24,ミニトートバッグ レディース,https://item.rakuten.co.jp/kinoco/82190s/,1,圏外
2026-02-24,ミニトート,https://item.rakuten.co.jp/kinoco/82190s/,5,圏外
2026-02-24,リュック メンズ 大容量,https://item.rakuten.co.jp/kinoco/cs-22/,圏外,圏外
2026-02-25,トートバッグ レディース,https://item.rakuten.co.jp/kinoco/square-tote,圏外,8
2026-02-25,サコッシュ メンズ,https://item.rakuten.co.jp/kinoco/b1404,1,9
2026-02-25,トートバッグ レディース,https://item.rakuten.co.jp/kinoco/82193,圏外,10
2026-02-25,三つ折り財布 レディース,https://item.rakuten.co.jp/kinoco/st-909,圏外,8
2026-02-25,三つ折り財布,https://item.rakuten.co.jp/kinoco/st-909,圏外,16
2026-02-25,ミニ財布 本革,https://item.rakuten.co.jp/kinoco/st-909,圏外,8
2026-02-25,ミニ財布 本革 レディース,https://item.rakuten.co.jp/kinoco/st-909,2,1
2026-02-25,ハンドバッグ レディース,https://item.rakuten.co.jp/kinoco/stb-152/,圏外,31
2026-02-25,二つ折り財布 レディース,https://item.rakuten.co.jp/kinoco/st-w1660/,圏外,圏外
2026-02-25,トートバッグ メンズ,https://item.rakuten.co.jp/kinoco/cs-23/,圏外,16
2026-02-25,ビジネスバッグ,https://item.rakuten.co.jp/kinoco/cs-23/,1,圏外
2026-02-25,サコッシュ メンズ,https://item.rakuten.co.jp/kinoco/cs-26/,圏外,19
2026-02-25,トートバッグ メンズ 本革,https://item.rakuten.co.jp/kinoco/cs-29/,2,11
2026-02-25,長財布 レディース 本革,https://item.rakuten.co.jp/kinoco/st-831w/,圏外,11
2026-02-25,二つ折り財布,https://item.rakuten.co.jp/kinoco/st-819/,圏外,13
2026-02-25,二つ折り財布メンズ,https://item.rakuten.co.jp/kinoco/st-819/,3,30
2026-02-25,トートバッグ メンズ,https://item.rakuten.co.jp/kinoco/st-820/,圏外,24
2026-02-25,トートバッグ メンズ 小さめ,https://item.rakuten.co.jp/kinoco/cs-25/,圏外,圏外
2026-02-25,長財布 メンズ,https://item.rakuten.co.jp/kinoco/wallet-04/,2,2
2026-02-25,財布 メンズ 二つ折り 本革,https://item.rakuten.co.jp/kinoco/cs-05/,圏外,43
2026-02-25,二つ折り財布 メンズ,https://item.rakuten.co.jp/kinoco/wallet-09/,圏外,4
2026-02-25,長財布 レディース,https://item.rakuten.co.jp/kinoco/st-w1675/,圏外,圏外
2026-02-25,長財布 レディース 大容量,https://item.rakuten.co.jp/kinoco/st-w1675/,圏外,圏外
2026-02-25,長財布 レディース 本革,https://item.rakuten.co.jp/kinoco/st-w1675/,圏外,圏外
2026-02-25,財布 レディース 二つ折,https://item.rakuten.co.jp/kinoco/st-w1090/,圏外,20
2026-02-25,財布 レディース 二つ折り かわいい,https://item.rakuten.co.jp/kinoco/st-w1090/,圏外,41
2026-02-25,ミニトートバッグ レディース,https://item.rakuten.co.jp/kinoco/82190s/,1,圏外
2026-02-25,ミニトート,https://item.rakuten.co.jp/kinoco/82190s/,4,圏外
2026-02-25,リュック メンズ 大容量,https://item.rakuten.co.jp/kinoco/cs-22/,圏外,圏外
2026-02-26,トートバッグ レディース,https://item.rakuten.co.jp/kinoco/square-tote,圏外,8
2026-02-26,サコッシュ メンズ,https://item.rakuten.co.jp/kinoco/b1404,1,9
2026-02-26,トートバッグ レディース,https://item.rakuten.co.jp/kinoco/82193,圏外,29
2026-02-26,三つ折り財布 レディース,https://item.rakuten.co.jp/kinoco/st-909,圏外,8
2026-02-26,三つ折り財布,https://item.rakuten.co.jp/kinoco/st-909,圏外,16
2026-02-26,ミニ財布 本革,https://item.rakuten.co.jp/kinoco/st-909,圏外,8
2026-02-26,ミニ財布 本革 レディース,https://item.rakuten.co.jp/kinoco/st-909,2,1
2026-02-26,ハンドバッグ レディース,https://item.rakuten.co.jp/kinoco/stb-152/,圏外,31
2026-02-26,二つ折り財布 レディース,https://item.rakuten.co.jp/kinoco/st-w1660/,圏外,圏外
2026-02-26,トートバッグ メンズ,https://item.rakuten.co.jp/kinoco/cs-23/,圏外,16
2026-02-26,ビジネスバッグ,https://item.rakuten.co.jp/kinoco/cs-23/,1,圏外
2026-02-26,サコッシュ メンズ,https://item.rakuten.co.jp/kinoco/cs-26/,圏外,22
2026-02-26,トートバッグ メンズ 本革,https://item.rakuten.co.jp/kinoco/cs-29/,2,11
2026-02-26,長財布 レディース 本革,https://item.rakuten.co.jp/kinoco/st-831w/,圏外,11
2026-02-26,二つ折り財布,https://item.rakuten.co.jp/kinoco/st-819/,圏外,13
2026-02-26,二つ折り財布メンズ,https://item.rakuten.co.jp/kinoco/st-819/,3,30
2026-02-26,トートバッグ メンズ,https://item.rakuten.co.jp/kinoco/st-820/,圏外,圏外
2026-02-26,トートバッグ メンズ 小さめ,https://item.rakuten.co.jp/kinoco/cs-25/,圏外,圏外
2026-02-26,長財布 メンズ,https://item.rakuten.co.jp/kinoco/wallet-04/,2,2
2026-02-26,財布 メンズ 二つ折り 本革,https://item.rakuten.co.jp/kinoco/cs-05/,圏外,43
2026-02-26,二つ折り財布 メンズ,https://item.rakuten.co.jp/kinoco/wallet-09/,圏外,4
2026-02-26,長財布 レディース,https://item.rakuten.co.jp/kinoco/st-w1675/,圏外,圏外
2026-02-26,長財布 レディース 大容量,https://item.rakuten.co.jp/kinoco/st-w1675/,圏外,圏外
2026-02-26,長財布 レディース 本革,https://item.rakuten.co.jp/kinoco/st-w1675/,圏外,圏外
2026-02-26,財布 レディース 二つ折,https://item.rakuten.co.jp/kinoco/st-w1090/,圏外,25
2026-02-26,財布 レディース 二つ折り かわいい,https://item.rakuten.co.jp/kinoco/st-w1090/,圏外,41
2026-02-26,ミニトートバッグ レディース,https://item.rakuten.co.jp/kinoco/82190s/,1,圏外
2026-02-26,ミニトート,https://item.rakuten.co.jp/kinoco/82190s/,4,圏外
2026-02-26,リュック メンズ 大容量,https://item.rakuten.co.jp/kinoco/cs-22/,圏外,圏外
2026-02-27,トートバッグ レディース,https://item.rakuten.co.jp/kinoco/square-tote,圏外,14
2026-02-27,サコッシュ メンズ,https://item.rakuten.co.jp/kinoco/b1404,圏外,9
2026-02-27,トートバッグ レディース,https://item.rakuten.co.jp/kinoco/82193,圏外,29
2026-02-27,三つ折り財布 レディース,https://item.rakuten.co.jp/kinoco/st-909,圏外,10
2026-02-27,三つ折り財布,https://item.rakuten.co.jp/kinoco/st-909,圏外,15
2026-02-27,ミニ財布 本革,https://item.rakuten.co.jp/kinoco/st-909,圏外,7
2026-02-27,ミニ財布 本革 レディース,https://item.rakuten.co.jp/kinoco/st-909,圏外,1
2026-02-27,ハンドバッグ レディース,https://item.rakuten.co.jp/kinoco/stb-152/,圏外,26
2026-02-27,二つ折り財布 レディース,https://item.rakuten.co.jp/kinoco/st-w1660/,圏外,圏外
2026-02-27,トートバッグ メンズ,https://item.rakuten.co.jp/kinoco/cs-23/,圏外,14
2026-02-27,ビジネスバッグ,https://item.rakuten.co.jp/kinoco/cs-23/,圏外,40
2026-02-27,サコッシュ メンズ,https://item.rakuten.co.jp/kinoco/cs-26/,圏外,17
2026-02-27,トートバッグ メンズ 本革,https://item.rakuten.co.jp/kinoco/cs-29/,圏外,8
2026-02-27,長財布 レディース 本革,https://item.rakuten.co.jp/kinoco/st-831w/,圏外,32
2026-02-27,二つ折り財布,https://item.rakuten.co.jp/kinoco/st-819/,圏外,11
2026-02-27,二つ折り財布メンズ,https://item.rakuten.co.jp/kinoco/st-819/,圏外,圏外
2026-02-27,トートバッグ メンズ,https://item.rakuten.co.jp/kinoco/st-820/,圏外,圏外
2026-02-27,トートバッグ メンズ 小さめ,https://item.rakuten.co.jp/kinoco/cs-25/,圏外,圏外
2026-02-27,長財布 メンズ,https://item.rakuten.co.jp/kinoco/wallet-04/,圏外,3
2026-02-27,財布 メンズ 二つ折り 本革,https://item.rakuten.co.jp/kinoco/cs-05/,圏外,圏外
2026-02-27,二つ折り財布 メンズ,https://item.rakuten.co.jp/kinoco/wallet-09/,圏外,4
2026-02-27,長財布 レディース,https://item.rakuten.co.jp/kinoco/st-w1675/,圏外,圏外
2026-02-27,長財布 レディース 大容量,https://item.rakuten.co.jp/kinoco/st-w1675/,圏外,圏外
2026-02-27,長財布 レディース 本革,https://item.rakuten.co.jp/kinoco/st-w1675/,圏外,圏外
2026-02-27,財布 レディース 二つ折,https://item.rakuten.co.jp/kinoco/st-w1090/,圏外,圏外
2026-02-27,財布 レディース 二つ折り かわいい,https://item.rakuten.co.jp/kinoco/st-w1090/,圏外,圏外
2026-02-27,ミニトートバッグ レディース,https://item.rakuten.co.jp/kinoco/82190s/,圏外,圏外
2026-02-27,ミニトート,https://item.rakuten.co.jp/kinoco/82190s/,圏外,圏外
2026-02-27,リュック メンズ 大容量,https://item.rakuten.co.jp/kinoco/cs-22/,圏外,圏外
2026-02-28,トートバッグ レディース,https://item.rakuten.co.jp/kinoco/square-tote,圏外,19
2026-02-28,サコッシュ メンズ,https://item.rakuten.co.jp/kinoco/b1404,圏外,15
2026-02-28,トートバッグ レディース,https://item.rakuten.co.jp/kinoco/82193,圏外,31
2026-02-28,三つ折り財布 レディース,https://item.rakuten.co.jp/kinoco/st-909,圏外,10
2026-02-28,三つ折り財布,https://item.rakuten.co.jp/kinoco/st-909,圏外,14
2026-02-28,ミニ財布 本革,https://item.rakuten.co.jp/kinoco/st-909,圏外,8
2026-02-28,ミニ財布 本革 レディース,https://item.rakuten.co.jp/kinoco/st-909,圏外,1
2026-02-28,ハンドバッグ レディース,https://item.rakuten.co.jp/kinoco/stb-152/,圏外,33
2026-02-28,二つ折り財布 レディース,https://item.rakuten.co.jp/kinoco/st-w1660/,圏外,圏外
2026-02-28,トートバッグ メンズ,https://item.rakuten.co.jp/kinoco/cs-23/,圏外,12
2026-02-28,ビジネスバッグ,https://item.rakuten.co.jp/kinoco/cs-23/,圏外,圏外
2026-02-28,サコッシュ メンズ,https://item.rakuten.co.jp/kinoco/cs-26/,圏外,28
2026-02-28,トートバッグ メンズ 本革,https://item.rakuten.co.jp/kinoco/cs-29/,圏外,8
2026-02-28,長財布 レディース 本革,https://item.rakuten.co.jp/kinoco/st-831w/,圏外,30
2026-02-28,二つ折り財布,https://item.rakuten.co.jp/kinoco/st-819/,圏外,11
2026-02-28,二つ折り財布メンズ,https://item.rakuten.co.jp/kinoco/st-819/,圏外,圏外
2026-02-28,トートバッグ メンズ,https://item.rakuten.co.jp/kinoco/st-820/,圏外,圏外
2026-02-28,トートバッグ メンズ 小さめ,https://item.rakuten.co.jp/kinoco/cs-25/,圏外,圏外
2026-02-28,長財布 メンズ,https://item.rakuten.co.jp/kinoco/wallet-04/,圏外,1
2026-02-28,財布 メンズ 二つ折り 本革,https://item.rakuten.co.jp/kinoco/cs-05/,圏外,圏外
2026-02-28,二つ折り財布 メンズ,https://item.rakuten.co.jp/kinoco/wallet-09/,圏外,6
2026-02-28,長財布 レディース,https://item.rakuten.co.jp/kinoco/st-w1675/,圏外,圏外
2026-02-28,長財布 レディース 大容量,https://item.rakuten.co.jp/kinoco/st-w1675/,圏外,圏外
2026-02-28,長財布 レディース 本革,https://item.rakuten.co.jp/kinoco/st-w1675/,圏外,圏外
2026-02-28,財布 レディース 二つ折,https://item.rakuten.co.jp/kinoco/st-w1090/,圏外,圏外
2026-02-28,財布 レディース 二つ折り かわいい,https://item.rakuten.co.jp/kinoco/st-w1090/,圏外,圏外
2026-02-28,ミニトートバッグ レディース,https://item.rakuten.co.jp/kinoco/82190s/,圏外,圏外
2026-02-28,ミニトート,https://item.rakuten.co.jp/kinoco/82190s/,圏外,圏外
2026-02-28,リュック メンズ 大容量,https://item.rakuten.co.jp/kinoco/cs-22/,圏外,圏外
2026-03-01,トートバッグ レディース,https://item.rakuten.co.jp/kinoco/square-tote,圏外,13
2026-03-01,サコッシュ メンズ,https://item.rakuten.co.jp/kinoco/b1404,1,18
2026-03-01,トートバッグ レディース,https://item.rakuten.co.jp/kinoco/82193,圏外,25
2026-03-01,三つ折り財布 レディース,https://item.rakuten.co.jp/kinoco/st-909,圏外,8
2026-03-01,三つ折り財布,https://item.rakuten.co.jp/kinoco/st-909,圏外,9
2026-03-01,ミニ財布 本革,https://item.rakuten.co.jp/kinoco/st-909,圏外,6
2026-03-01,ミニ財布 本革 レディース,https://item.rakuten.co.jp/kinoco/st-909,2,1
2026-03-01,ハンドバッグ レディース,https://item.rakuten.co.jp/kinoco/stb-152/,圏外,21
2026-03-01,二つ折り財布 レディース,https://item.rakuten.co.jp/kinoco/st-w1660/,圏外,圏外
2026-03-01,トートバッグ メンズ,https://item.rakuten.co.jp/kinoco/cs-23/,圏外,16
2026-03-01,ビジネスバッグ,https://item.rakuten.co.jp/kinoco/cs-23/,圏外,圏外
2026-03-01,サコッシュ メンズ,https://item.rakuten.co.jp/kinoco/cs-26/,圏外,32
2026-03-01,トートバッグ メンズ 本革,https://item.rakuten.co.jp/kinoco/cs-29/,圏外,9
2026-03-01,長財布 レディース 本革,https://item.rakuten.co.jp/kinoco/st-831w/,圏外,41
2026-03-01,二つ折り財布,https://item.rakuten.co.jp/kinoco/st-819/,圏外,9
2026-03-01,二つ折り財布メンズ,https://item.rakuten.co.jp/kinoco/st-819/,3,圏外
2026-03-01,トートバッグ メンズ,https://item.rakuten.co.jp/kinoco/st-820/,圏外,圏外
2026-03-01,トートバッグ メンズ 小さめ,https://item.rakuten.co.jp/kinoco/cs-25/,圏外,圏外
2026-03-01,長財布 メンズ,https://item.rakuten.co.jp/kinoco/wallet-04/,3,2
2026-03-01,財布 メンズ 二つ折り 本革,https://item.rakuten.co.jp/kinoco/cs-05/,圏外,圏外
2026-03-01,二つ折り財布 メンズ,https://item.rakuten.co.jp/kinoco/wallet-09/,圏外,5
2026-03-01,長財布 レディース,https://item.rakuten.co.jp/kinoco/st-w1675/,圏外,圏外
2026-03-01,長財布 レディース 大容量,https://item.rakuten.co.jp/kinoco/st-w1675/,圏外,圏外
2026-03-01,長財布 レディース 本革,https://item.rakuten.co.jp/kinoco/st-w1675/,圏外,圏外
2026-03-01,財布 レディース 二つ折,https://item.rakuten.co.jp/kinoco/st-w1090/,圏外,圏外
2026-03-01,財布 レディース 二つ折り かわいい,https://item.rakuten.co.jp/kinoco/st-w1090/,圏外,圏外
2026-03-01,ミニトートバッグ レディース,https://item.rakuten.co.jp/kinoco/82190s/,3,圏外
2026-03-01,ミニトート,https://item.rakuten.co.jp/kinoco/82190s/,2,圏外
2026-03-01,リュック メンズ 大容量,https://item.rakuten.co.jp/kinoco/cs-22/,圏外,圏外
2026-03-02,トートバッグ レディース,https://item.rakuten.co.jp/kinoco/square-tote,圏外,13
2026-03-02,サコッシュ メンズ,https://item.rakuten.co.jp/kinoco/b1404,1,18
2026-03-02,トートバッグ レディース,https://item.rakuten.co.jp/kinoco/82193,圏外,25
2026-03-02,三つ折り財布 レディース,https://item.rakuten.co.jp/kinoco/st-909,圏外,8
2026-03-02,三つ折り財布,https://item.rakuten.co.jp/kinoco/st-909,圏外,9
2026-03-02,ミニ財布 本革,https://item.rakuten.co.jp/kinoco/st-909,圏外,6
2026-03-02,ミニ財布 本革 レディース,https://item.rakuten.co.jp/kinoco/st-909,2,1
2026-03-02,ハンドバッグ レディース,https://item.rakuten.co.jp/kinoco/stb-152/,圏外,21
2026-03-02,二つ折り財布 レディース,https://item.rakuten.co.jp/kinoco/st-w1660/,圏外,圏外
2026-03-02,トートバッグ メンズ,https://item.rakuten.co.jp/kinoco/cs-23/,圏外,16
2026-03-02,ビジネスバッグ,https://item.rakuten.co.jp/kinoco/cs-23/,圏外,圏外
2026-03-02,サコッシュ メンズ,https://item.rakuten.co.jp/kinoco/cs-26/,圏外,32
2026-03-02,トートバッグ メンズ 本革,https://item.rakuten.co.jp/kinoco/cs-29/,圏外,9
2026-03-02,長財布 レディース 本革,https://item.rakuten.co.jp/kinoco/st-831w/,圏外,41
2026-03-02,二つ折り財布,https://item.rakuten.co.jp/kinoco/st-819/,圏外,9
2026-03-02,二つ折り財布メンズ,https://item.rakuten.co.jp/kinoco/st-819/,3,圏外
2026-03-02,トートバッグ メンズ,https://item.rakuten.co.jp/kinoco/st-820/,圏外,圏外
2026-03-02,トートバッグ メンズ 小さめ,https://item.rakuten.co.jp/kinoco/cs-25/,圏外,圏外
2026-03-02,長財布 メンズ,https://item.rakuten.co.jp/kinoco/wallet-04/,3,2
2026-03-02,財布 メンズ 二つ折り 本革,https://item.rakuten.co.jp/kinoco/cs-05/,圏外,圏外
2026-03-02,二つ折り財布 メンズ,https://item.rakuten.co.jp/kinoco/wallet-09/,圏外,5
2026-03-02,長財布 レディース,https://item.rakuten.co.jp/kinoco/st-w1675/,圏外,圏外
2026-03-02,長財布 レディース 大容量,https://item.rakuten.co.jp/kinoco/st-w1675/,圏外,圏外
2026-03-02,長財布 レディース 本革,https://item.rakuten.co.jp/kinoco/st-w1675/,圏外,圏外
2026-03-02,財布 レディース 二つ折,https://item.rakuten.co.jp/kinoco/st-w1090/,圏外,圏外
2026-03-02,財布 レディース 二つ折り かわいい,https://item.rakuten.co.jp/kinoco/st-w1090/,圏外,圏外
2026-03-02,ミニトートバッグ レディース,https://item.rakuten.co.jp/kinoco/82190s/,3,圏外
2026-03-02,ミニトート,https://item.rakuten.co.jp/kinoco/82190s/,2,圏外
2026-03-02,リュック メンズ 大容量,https://item.rakuten.co.jp/kinoco/cs-22/,圏外,圏外
2026-03-03,トートバッグ レディース,https://item.rakuten.co.jp/kinoco/square-tote,ERROR,ERROR
2026-03-03,サコッシュ メンズ,https://item.rakuten.co.jp/kinoco/b1404,1,6
2026-03-03,トートバッグ レディース,https://item.rakuten.co.jp/kinoco/82193,圏外,26
2026-03-03,三つ折り財布 レディース,https://item.rakuten.co.jp/kinoco/st-909,5,5
2026-03-03,三つ折り財布,https://item.rakuten.co.jp/kinoco/st-909,5,11
2026-03-03,ミニ財布 本革,https://item.rakuten.co.jp/kinoco/st-909,圏外,4
2026-03-03,ミニ財布 本革 レディース,https://item.rakuten.co.jp/kinoco/st-909,1,1
2026-03-03,ハンドバッグ レディース,https://item.rakuten.co.jp/kinoco/stb-152/,圏外,18
2026-03-03,二つ折り財布 レディース,https://item.rakuten.co.jp/kinoco/st-w1660/,圏外,圏外
2026-03-03,トートバッグ メンズ,https://item.rakuten.co.jp/kinoco/cs-23/,ERROR,ERROR
2026-03-03,ビジネスバッグ,https://item.rakuten.co.jp/kinoco/cs-23/,圏外,35
2026-03-03,サコッシュ メンズ,https://item.rakuten.co.jp/kinoco/cs-26/,ERROR,ERROR
2026-03-03,トートバッグ メンズ 本革,https://item.rakuten.co.jp/kinoco/cs-29/,圏外,13
2026-03-03,長財布 レディース 本革,https://item.rakuten.co.jp/kinoco/st-831w/,圏外,38
2026-03-03,二つ折り財布,https://item.rakuten.co.jp/kinoco/st-819/,4,18
2026-03-03,二つ折り財布メンズ,https://item.rakuten.co.jp/kinoco/st-819/,3,圏外
2026-03-03,トートバッグ メンズ,https://item.rakuten.co.jp/kinoco/st-820/,圏外,圏外
2026-03-03,トートバッグ メンズ 小さめ,https://item.rakuten.co.jp/kinoco/cs-25/,圏外,圏外
2026-03-03,長財布 メンズ,https://item.rakuten.co.jp/kinoco/wallet-04/,2,1
2026-03-03,財布 メンズ 二つ折り 本革,https://item.rakuten.co.jp/kinoco/cs-05/,圏外,圏外
2026-03-03,二つ折り財布 メンズ,https://item.rakuten.co.jp/kinoco/wallet-09/,圏外,3
2026-03-03,長財布 レディース,https://item.rakuten.co.jp/kinoco/st-w1675/,圏外,圏外
2026-03-03,長財布 レディース 大容量,https://item.rakuten.co.jp/kinoco/st-w1675/,圏外,圏外
2026-03-03,長財布 レディース 本革,https://item.rakuten.co.jp/kinoco/st-w1675/,圏外,圏外
2026-03-03,財布 レディース 二つ折,https://item.rakuten.co.jp/kinoco/st-w1090/,圏外,圏外
2026-03-03,財布 レディース 二つ折り かわいい,https://item.rakuten.co.jp/kinoco/st-w1090/,圏外,圏外
2026-03-03,ミニトートバッグ レディース,https://item.rakuten.co.jp/kinoco/82190s/,1,圏外
2026-03-03,ミニトート,https://item.rakuten.co.jp/kinoco/82190s/,2,圏外
2026-03-03,リュック メンズ 大容量,https://item.rakuten.co.jp/kinoco/cs-22/,圏外,圏外
2026-03-04,トートバッグ レディース,https://item.rakuten.co.jp/kinoco/square-tote,圏外,11
2026-03-04,サコッシュ メンズ,https://item.rakuten.co.jp/kinoco/b1404,1,13
2026-03-04,トートバッグ レディース,https://item.rakuten.co.jp/kinoco/82193,圏外,7
2026-03-04,三つ折り財布 レディース,https://item.rakuten.co.jp/kinoco/st-909,圏外,7
2026-03-04,三つ折り財布,https://item.rakuten.co.jp/kinoco/st-909,圏外,10
2026-03-04,ミニ財布 本革,https://item.rakuten.co.jp/kinoco/st-909,圏外,5
2026-03-04,ミニ財布 本革 レディース,https://item.rakuten.co.jp/kinoco/st-909,2,1
2026-03-04,ハンドバッグ レディース,https://item.rakuten.co.jp/kinoco/stb-152/,2,27
2026-03-04,二つ折り財布 レディース,https://item.rakuten.co.jp/kinoco/st-w1660/,圏外,圏外
2026-03-04,トートバッグ メンズ,https://item.rakuten.co.jp/kinoco/cs-23/,圏外,24
2026-03-04,ビジネスバッグ,https://item.rakuten.co.jp/kinoco/cs-23/,圏外,圏外
2026-03-04,サコッシュ メンズ,https://item.rakuten.co.jp/kinoco/cs-26/,圏外,28
2026-03-04,トートバッグ メンズ 本革,https://item.rakuten.co.jp/kinoco/cs-29/,圏外,12
2026-03-04,長財布 レディース 本革,https://item.rakuten.co.jp/kinoco/st-831w/,2,圏外
2026-03-04,二つ折り財布,https://item.rakuten.co.jp/kinoco/st-819/,圏外,9
2026-03-04,二つ折り財布メンズ,https://item.rakuten.co.jp/kinoco/st-819/,3,圏外
2026-03-04,トートバッグ メンズ,https://item.rakuten.co.jp/kinoco/st-820/,2,41
2026-03-04,トートバッグ メンズ 小さめ,https://item.rakuten.co.jp/kinoco/cs-25/,圏外,圏外
2026-03-04,長財布 メンズ,https://item.rakuten.co.jp/kinoco/wallet-04/,2,2
2026-03-04,財布 メンズ 二つ折り 本革,https://item.rakuten.co.jp/kinoco/cs-05/,圏外,圏外
2026-03-04,二つ折り財布 メンズ,https://item.rakuten.co.jp/kinoco/wallet-09/,圏外,3
2026-03-04,長財布 レディース,https://item.rakuten.co.jp/kinoco/st-w1675/,圏外,圏外
2026-03-04,長財布 レディース 大容量,https://item.rakuten.co.jp/kinoco/st-w1675/,圏外,圏外
2026-03-04,長財布 レディース 本革,https://item.rakuten.co.jp/kinoco/st-w1675/,圏外,圏外
2026-03-04,財布 レディース 二つ折,https://item.rakuten.co.jp/kinoco/st-w1090/,圏外,圏外
2026-03-04,財布 レディース 二つ折り かわいい,https://item.rakuten.co.jp/kinoco/st-w1090/,圏外,圏外
2026-03-04,ミニトートバッグ レディース,https://item.rakuten.co.jp/kinoco/82190s/,3,圏外
2026-03-04,ミニトート,https://item.rakuten.co.jp/kinoco/82190s/,圏外,圏外
2026-03-04,リュック メンズ 大容量,https://item.rakuten.co.jp/kinoco/cs-22/,圏外,圏外
2026-03-05,トートバッグ レディース,https://item.rakuten.co.jp/kinoco/square-tote,圏外,5
2026-03-05,サコッシュ メンズ,https://item.rakuten.co.jp/kinoco/b1404,2,3
2026-03-05,トートバッグ レディース,https://item.rakuten.co.jp/kinoco/82193,圏外,12
2026-03-05,三つ折り財布 レディース,https://item.rakuten.co.jp/kinoco/st-909,圏外,8
2026-03-05,三つ折り財布,https://item.rakuten.co.jp/kinoco/st-909,圏外,6
2026-03-05,ミニ財布 本革,https://item.rakuten.co.jp/kinoco/st-909,圏外,5
2026-03-05,ミニ財布 本革 レディース,https://item.rakuten.co.jp/kinoco/st-909,1,1
2026-03-05,ハンドバッグ レディース,https://item.rakuten.co.jp/kinoco/stb-152/,1,9
2026-03-05,二つ折り財布 レディース,https://item.rakuten.co.jp/kinoco/st-w1660/,圏外,圏外
2026-03-05,トートバッグ メンズ,https://item.rakuten.co.jp/kinoco/cs-23/,圏外,12
2026-03-05,ビジネスバッグ,https://item.rakuten.co.jp/kinoco/cs-23/,圏外,26
2026-03-05,サコッシュ メンズ,https://item.rakuten.co.jp/kinoco/cs-26/,圏外,17
2026-03-05,トートバッグ メンズ 本革,https://item.rakuten.co.jp/kinoco/cs-29/,圏外,7
2026-03-05,長財布 レディース 本革,https://item.rakuten.co.jp/kinoco/st-831w/,4,5
2026-03-05,二つ折り財布,https://item.rakuten.co.jp/kinoco/st-819/,圏外,11
2026-03-05,二つ折り財布メンズ,https://item.rakuten.co.jp/kinoco/st-819/,圏外,40
2026-03-05,トートバッグ メンズ,https://item.rakuten.co.jp/kinoco/st-820/,2,13
2026-03-05,トートバッグ メンズ 小さめ,https://item.rakuten.co.jp/kinoco/cs-25/,1,29
2026-03-05,長財布 メンズ,https://item.rakuten.co.jp/kinoco/wallet-04/,圏外,1
2026-03-05,財布 メンズ 二つ折り 本革,https://item.rakuten.co.jp/kinoco/cs-05/,圏外,6
2026-03-05,二つ折り財布 メンズ,https://item.rakuten.co.jp/kinoco/wallet-09/,ERROR,ERROR
2026-03-05,長財布 レディース,https://item.rakuten.co.jp/kinoco/st-w1675/,圏外,圏外
2026-03-05,長財布 レディース 大容量,https://item.rakuten.co.jp/kinoco/st-w1675/,圏外,圏外
2026-03-05,長財布 レディース 本革,https://item.rakuten.co.jp/kinoco/st-w1675/,圏外,圏外
2026-03-05,財布 レディース 二つ折,https://item.rakuten.co.jp/kinoco/st-w1090/,圏外,14
2026-03-05,財布 レディース 二つ折り かわいい,https://item.rakuten.co.jp/kinoco/st-w1090/,ERROR,ERROR
2026-03-05,ミニトートバッグ レディース,https://item.rakuten.co.jp/kinoco/82190s/,3,圏外
2026-03-05,ミニトート,https://item.rakuten.co.jp/kinoco/82190s/,5,圏外
2026-03-05,リュック メンズ 大容量,https://item.rakuten.co.jp/kinoco/cs-22/,圏外,圏外
2026-03-06,トートバッグ レディース,https://item.rakuten.co.jp/kinoco/square-tote,圏外,5
2026-03-06,サコッシュ メンズ,https://item.rakuten.co.jp/kinoco/b1404,2,3
2026-03-06,トートバッグ レディース,https://item.rakuten.co.jp/kinoco/82193,圏外,12
2026-03-06,三つ折り財布 レディース,https://item.rakuten.co.jp/kinoco/st-909,圏外,8
2026-03-06,三つ折り財布,https://item.rakuten.co.jp/kinoco/st-909,圏外,6
2026-03-06,ミニ財布 本革,https://item.rakuten.co.jp/kinoco/st-909,圏外,5
2026-03-06,ミニ財布 本革 レディース,https://item.rakuten.co.jp/kinoco/st-909,1,1
2026-03-06,ハンドバッグ レディース,https://item.rakuten.co.jp/kinoco/stb-152/,1,9
2026-03-06,二つ折り財布 レディース,https://item.rakuten.co.jp/kinoco/st-w1660/,圏外,圏外
2026-03-06,トートバッグ メンズ,https://item.rakuten.co.jp/kinoco/cs-23/,圏外,12
2026-03-06,ビジネスバッグ,https://item.rakuten.co.jp/kinoco/cs-23/,圏外,26
2026-03-06,サコッシュ メンズ,https://item.rakuten.co.jp/kinoco/cs-26/,圏外,23
2026-03-06,トートバッグ メンズ 本革,https://item.rakuten.co.jp/kinoco/cs-29/,圏外,7
2026-03-06,長財布 レディース 本革,https://item.rakuten.co.jp/kinoco/st-831w/,4,5
2026-03-06,二つ折り財布,https://item.rakuten.co.jp/kinoco/st-819/,圏外,11
2026-03-06,二つ折り財布メンズ,https://item.rakuten.co.jp/kinoco/st-819/,圏外,40
2026-03-06,トートバッグ メンズ,https://item.rakuten.co.jp/kinoco/st-820/,2,13
2026-03-06,トートバッグ メンズ 小さめ,https://item.rakuten.co.jp/kinoco/cs-25/,1,29
2026-03-06,長財布 メンズ,https://item.rakuten.co.jp/kinoco/wallet-04/,圏外,1
2026-03-06,財布 メンズ 二つ折り 本革,https://item.rakuten.co.jp/kinoco/cs-05/,圏外,6
2026-03-06,二つ折り財布 メンズ,https://item.rakuten.co.jp/kinoco/wallet-09/,圏外,3
2026-03-06,長財布 レディース,https://item.rakuten.co.jp/kinoco/st-w1675/,圏外,圏外
2026-03-06,長財布 レディース 大容量,https://item.rakuten.co.jp/kinoco/st-w1675/,圏外,圏外
2026-03-06,長財布 レディース 本革,https://item.rakuten.co.jp/kinoco/st-w1675/,圏外,圏外
2026-03-06,財布 レディース 二つ折,https://item.rakuten.co.jp/kinoco/st-w1090/,圏外,14
2026-03-06,財布 レディース 二つ折り かわいい,https://item.rakuten.co.jp/kinoco/st-w1090/,圏外,29
2026-03-06,ミニトートバッグ レディース,https://item.rakuten.co.jp/kinoco/82190s/,3,圏外
2026-03-06,ミニトート,https://item.rakuten.co.jp/kinoco/82190s/,5,圏外
2026-03-06,リュック メンズ 大容量,https://item.rakuten.co.jp/kinoco/cs-22/,圏外,圏外
2026-03-07,トートバッグ レディース,https://item.rakuten.co.jp/kinoco/square-tote,圏外,14
2026-03-07,サコッシュ メンズ,https://item.rakuten.co.jp/kinoco/b1404,1,5
2026-03-07,トートバッグ レディース,https://item.rakuten.co.jp/kinoco/82193,圏外,9
2026-03-07,三つ折り財布 レディース,https://item.rakuten.co.jp/kinoco/st-909,圏外,14
2026-03-07,三つ折り財布,https://item.rakuten.co.jp/kinoco/st-909,5,19
2026-03-07,ミニ財布 本革,https://item.rakuten.co.jp/kinoco/st-909,圏外,6
2026-03-07,ミニ財布 本革 レディース,https://item.rakuten.co.jp/kinoco/st-909,2,1
2026-03-07,ハンドバッグ レディース,https://item.rakuten.co.jp/kinoco/stb-152/,圏外,13
2026-03-07,二つ折り財布 レディース,https://item.rakuten.co.jp/kinoco/st-w1660/,4,8
2026-03-07,トートバッグ メンズ,https://item.rakuten.co.jp/kinoco/cs-23/,圏外,15
2026-03-07,ビジネスバッグ,https://item.rakuten.co.jp/kinoco/cs-23/,圏外,45
2026-03-07,サコッシュ メンズ,https://item.rakuten.co.jp/kinoco/cs-26/,圏外,29
2026-03-07,トートバッグ メンズ 本革,https://item.rakuten.co.jp/kinoco/cs-29/,圏外,14
2026-03-07,長財布 レディース 本革,https://item.rakuten.co.jp/kinoco/st-831w/,5,9
2026-03-07,二つ折り財布,https://item.rakuten.co.jp/kinoco/st-819/,圏外,16
2026-03-07,二つ折り財布メンズ,https://item.rakuten.co.jp/kinoco/st-819/,5,30
2026-03-07,トートバッグ メンズ,https://item.rakuten.co.jp/kinoco/st-820/,3,29
2026-03-07,トートバッグ メンズ 小さめ,https://item.rakuten.co.jp/kinoco/cs-25/,2,33
2026-03-07,長財布 メンズ,https://item.rakuten.co.jp/kinoco/wallet-04/,圏外,2
2026-03-07,財布 メンズ 二つ折り 本革,https://item.rakuten.co.jp/kinoco/cs-05/,圏外,8
2026-03-07,二つ折り財布 メンズ,https://item.rakuten.co.jp/kinoco/wallet-09/,圏外,5
2026-03-07,長財布 レディース,https://item.rakuten.co.jp/kinoco/st-w1675/,圏外,圏外
2026-03-07,長財布 レディース 大容量,https://item.rakuten.co.jp/kinoco/st-w1675/,圏外,圏外
2026-03-07,長財布 レディース 本革,https://item.rakuten.co.jp/kinoco/st-w1675/,圏外,圏外
2026-03-07,財布 レディース 二つ折,https://item.rakuten.co.jp/kinoco/st-w1090/,圏外,圏外
2026-03-07,財布 レディース 二つ折り かわいい,https://item.rakuten.co.jp/kinoco/st-w1090/,圏外,34
2026-03-07,ミニトートバッグ レディース,https://item.rakuten.co.jp/kinoco/82190s/,3,圏外
2026-03-07,ミニトート,https://item.rakuten.co.jp/kinoco/82190s/,圏外,圏外
2026-03-07,リュック メンズ 大容量,https://item.rakuten.co.jp/kinoco/cs-22/,圏外,圏外
2026-03-08,トートバッグ レディース,https://item.rakuten.co.jp/kinoco/square-tote,圏外,15
2026-03-08,サコッシュ メンズ,https://item.rakuten.co.jp/kinoco/b1404,2,5
2026-03-08,トートバッグ レディース,https://item.rakuten.co.jp/kinoco/82193,圏外,19
2026-03-08,三つ折り財布 レディース,https://item.rakuten.co.jp/kinoco/st-909,圏外,16
2026-03-08,三つ折り財布,https://item.rakuten.co.jp/kinoco/st-909,5,19
2026-03-08,ミニ財布 本革,https://item.rakuten.co.jp/kinoco/st-909,圏外,16
2026-03-08,ミニ財布 本革 レディース,https://item.rakuten.co.jp/kinoco/st-909,1,2
2026-03-08,ハンドバッグ レディース,https://item.rakuten.co.jp/kinoco/stb-152/,圏外,25
2026-03-08,二つ折り財布 レディース,https://item.rakuten.co.jp/kinoco/st-w1660/,3,圏外
2026-03-08,トートバッグ メンズ,https://item.rakuten.co.jp/kinoco/cs-23/,圏外,22
2026-03-08,ビジネスバッグ,https://item.rakuten.co.jp/kinoco/cs-23/,圏外,圏外
2026-03-08,サコッシュ メンズ,https://item.rakuten.co.jp/kinoco/cs-26/,5,26
2026-03-08,トートバッグ メンズ 本革,https://item.rakuten.co.jp/kinoco/cs-29/,圏外,10
2026-03-08,長財布 レディース 本革,https://item.rakuten.co.jp/kinoco/st-831w/,3,8
2026-03-08,二つ折り財布,https://item.rakuten.co.jp/kinoco/st-819/,圏外,16
2026-03-08,二つ折り財布メンズ,https://item.rakuten.co.jp/kinoco/st-819/,圏外,32
2026-03-08,トートバッグ メンズ,https://item.rakuten.co.jp/kinoco/st-820/,圏外,圏外
2026-03-08,トートバッグ メンズ 小さめ,https://item.rakuten.co.jp/kinoco/cs-25/,2,43
2026-03-08,長財布 メンズ,https://item.rakuten.co.jp/kinoco/wallet-04/,4,3
2026-03-08,財布 メンズ 二つ折り 本革,https://item.rakuten.co.jp/kinoco/cs-05/,圏外,5
2026-03-08,二つ折り財布 メンズ,https://item.rakuten.co.jp/kinoco/wallet-09/,圏外,5
2026-03-08,長財布 レディース,https://item.rakuten.co.jp/kinoco/st-w1675/,4,圏外
2026-03-08,長財布 レディース 大容量,https://item.rakuten.co.jp/kinoco/st-w1675/,圏外,圏外
2026-03-08,長財布 レディース 本革,https://item.rakuten.co.jp/kinoco/st-w1675/,圏外,圏外
2026-03-08,財布 レディース 二つ折,https://item.rakuten.co.jp/kinoco/st-w1090/,5,27
2026-03-08,財布 レディース 二つ折り かわいい,https://item.rakuten.co.jp/kinoco/st-w1090/,圏外,圏外
2026-03-08,ミニトートバッグ レディース,https://item.rakuten.co.jp/kinoco/82190s/,2,圏外
2026-03-08,ミニトート,https://item.rakuten.co.jp/kinoco/82190s/,圏外,圏外
2026-03-08,リュック メンズ 大容量,https://item.rakuten.co.jp/kinoco/cs-22/,圏外,圏外
